	Recording timestamp	Eye movement type index	Gaze event duration	Fixation point X	Fixation point Y	target	phone_x	phone_y
0	1361818.0	1893	1140.0	976.0	422.0	cell phone	0.6287425149700598	0.5287356321839081
1	1362547.0	1894	200.0	803.0	129.0	surroundings		
2	1363887.0	1895	200.0	1213.0	348.0	surroundings		
3	1364847.0	1896	140.0	490.0	51.0	surroundings		
4	1365107.0	1897	160.0	516.0	34.0	surroundings		
5	1365567.0	1898	120.0	1188.0	28.0	building		
6	1365787.0	1899	160.0	928.0	93.0	building		
7	1366096.0	1900	100.0	1140.0	82.0	building		
8	1367566.0	1901	120.0	816.0	16.0	surroundings		
9	1368326.0	1902	80.0	1435.0	24.0	surroundings		
10	1368896.0	1903	140.0	1244.0	29.0	surroundings		
11	1373225.0	1904	80.0	1000.0	107.0	building		
12	1373475.0	1905	100.0	1105.0	366.0	surroundings		
13	1374675.0	1906	1880.0	987.0	309.0	cell phone	0.5526951271258242	0.2055146007745508
14	1376094.0	1907	220.0	879.0	77.0	building		
15	1376394.0	1908	180.0	654.0	83.0	surroundings		
16	1376574.0	1909	140.0	976.0	55.0	building		
17	1376894.0	1910	140.0	1020.0	51.0	building		
18	1377624.0	1911	200.0	1035.0	37.0	building		
19	1378134.0	1912	180.0	996.0	290.0	surroundings		
20	1378514.0	1913	100.0	675.0	31.0	building		
21	1378754.0	1914	220.0	857.0	37.0	building		
22	1379953.0	1915	700.0	935.0	407.0	cell phone	0.4422761519283989	0.51825638026626
23	1380543.0	1916	440.0	940.0	229.0	cell phone	0.4113554422909294	0.14306559470904293
24	1381033.0	1917	500.0	973.0	344.0	cell phone	0.7922679288371182	0.2775757945640891
25	1381353.0	1918	100.0	882.0	381.0	cell phone	0.5601034498506979	0.34825075863399496
26	1381603.0	1919	200.0	1080.0	634.0	cell phone	0.4871794871794872	0.9537037037037036
27	1383093.0	1920	1140.0	969.0	413.0	cell phone	0.6733195766767164	0.5878083926340472
28	1384342.0	1921	80.0	888.0	44.0	building		
29	1384482.0	1922	160.0	891.0	87.0	building		
30	1384662.0	1923	160.0	811.0	94.0	building		
31	1384822.0	1924	120.0	911.0	125.0	building		
32	1385042.0	1925	300.0	805.0	144.0	building		
33	1385782.0	1926	460.0	708.0	208.0	surroundings		
34	1386912.0	1927	100.0	1202.0	352.0	surroundings		
35	1388061.0	1928	80.0	1008.0	317.0	building		
36	1388191.0	1929	140.0	931.0	320.0	surroundings		
37	1388351.0	1930	140.0	1025.0	307.0	building		
38	1388701.0	1931	80.0	902.0	41.0	building		
39	1389111.0	1932	340.0	837.0	73.0	building		
40	1389471.0	1933	180.0	1152.0	478.0	surroundings		
41	1389681.0	1934	200.0	1093.0	424.0	surroundings		
42	1390041.0	1935	240.0	931.0	306.0	surroundings		
43	1390451.0	1936	100.0	1637.0	18.0	building		
44	1390651.0	1937	140.0	1143.0	81.0	building		
45	1391061.0	1938	80.0	889.0	459.0	surroundings		
46	1391210.0	1939	180.0	1005.0	368.0	surroundings		
47	1392000.0	1940	240.0	870.0	140.0	building		
48	1392340.0	1941	120.0	793.0	165.0	building		
49	1392580.0	1942	280.0	740.0	142.0	surroundings		
50	1392990.0	1943	140.0	1210.0	568.0	surroundings		
51	1393140.0	1944	80.0	1307.0	422.0	surroundings		
52	1393270.0	1945	140.0	1249.0	471.0	surroundings		
53	1393410.0	1946	100.0	1205.0	573.0	surroundings		
54	1393870.0	1947	180.0	874.0	59.0	building		
55	1394150.0	1948	300.0	816.0	183.0	surroundings		
56	1394560.0	1949	480.0	744.0	72.0	building		
57	1395080.0	1950	120.0	1221.0	371.0	surroundings		
58	1395580.0	1951	480.0	883.0	351.0	cell phone	0.5639636259052395	0.3784866549142368
59	1396119.0	1952	580.0	975.0	410.0	cell phone	0.5319871801331477	0.5509130695191906
60	1397699.0	1953	840.0	1015.0	405.0	cell phone	0.5976665182056179	0.5023682284413934
61	1398369.0	1954	340.0	776.0	216.0	surroundings		
62	1399219.0	1955	120.0	935.0	340.0	surroundings		
63	1399399.0	1956	200.0	965.0	333.0	surroundings		
64	1399589.0	1957	140.0	969.0	212.0	surroundings		
65	1400268.0	1958	180.0	978.0	356.0	surroundings		
66	1400478.0	1959	200.0	927.0	257.0	surroundings		
67	1400678.0	1960	120.0	1011.0	188.0	surroundings		
68	1401488.0	1961	140.0	1133.0	303.0	surroundings		
69	1401668.0	1962	140.0	989.0	230.0	surroundings		
70	1402058.0	1963	200.0	1244.0	133.0	surroundings		
71	1402398.0	1964	160.0	789.0	87.0	surroundings		
72	1402888.0	1965	100.0	872.0	137.0	surroundings		
73	1403188.0	1966	140.0	950.0	16.0	surroundings		
74	1403348.0	1967	140.0	854.0	12.0	building		
75	1403588.0	1968	220.0	1253.0	189.0	surroundings		
76	1403787.0	1969	140.0	1214.0	138.0	surroundings		
77	1404737.0	1970	80.0	767.0	409.0	surroundings		
78	1404837.0	1971	80.0	913.0	377.0	surroundings		
79	1405387.0	1972	100.0	889.0	27.0	surroundings		
80	1405667.0	1973	180.0	930.0	675.0	surroundings		
81	1405877.0	1974	120.0	1178.0	552.0	others		
82	1406247.0	1975	100.0	300.0	89.0	surroundings		
83	1406467.0	1976	140.0	965.0	30.0	surroundings		
84	1406657.0	1977	120.0	1192.0	279.0	surroundings		
85	1407167.0	1978	100.0	1152.0	20.0	surroundings		
86	1407337.0	1979	200.0	1180.0	38.0	surroundings		
87	1407977.0	1980	680.0	1157.0	71.0	surroundings		
88	1408517.0	1981	120.0	832.0	28.0	surroundings		
89	1408787.0	1982	220.0	674.0	74.0	building		
90	1408996.0	1983	160.0	631.0	109.0	building		
91	1409566.0	1984	220.0	900.0	300.0	surroundings		
92	1409746.0	1985	100.0	859.0	212.0	surroundings		
93	1410086.0	1986	260.0	1215.0	72.0	surroundings		
94	1410426.0	1987	340.0	1257.0	158.0	surroundings		
95	1410926.0	1988	100.0	850.0	290.0	surroundings		
96	1411086.0	1989	180.0	929.0	323.0	surroundings		
97	1411326.0	1990	220.0	1104.0	374.0	surroundings		
98	1414015.0	1991	680.0	1024.0	409.0	cell phone	0.6103801415803795	0.4298766527253064
99	1415135.0	1992	1540.0	961.0	265.0	others		
100	1416655.0	1993	1460.0	949.0	309.0	surroundings		
101	1417924.0	1994	260.0	686.0	170.0	surroundings		
102	1418614.0	1995	680.0	1001.0	384.0	cell phone	0.6266126412942365	0.3721629111381069
103	1419354.0	1996	760.0	912.0	297.0	cell phone	0.287144675525974	0.03121028743007503
104	1419834.0	1997	80.0	525.0	449.0	surroundings		
105	1419934.0	1998	80.0	668.0	435.0	others		
106	1420064.0	1999	140.0	754.0	424.0	others		
107	1420434.0	2000	160.0	728.0	24.0	others		
108	1420923.0	2001	540.0	967.0	354.0	cell phone	0.637581843680779	0.29537268366245745
109	1421433.0	2002	440.0	934.0	465.0	cell phone	0.5494181656076748	0.5908462211686456
110	1421833.0	2003	80.0	698.0	312.0	others		
111	1421953.0	2004	120.0	832.0	352.0	others		
112	1422153.0	2005	240.0	966.0	266.0	surroundings		
113	1430491.0	2006	480.0	969.0	367.0	cell phone	0.7074136950393836	0.2865361754131317
114	1431641.0	2007	100.0	1091.0	139.0	surroundings		
115	1432061.0	2008	340.0	1182.0	183.0	surroundings		
116	1432431.0	2009	360.0	1114.0	184.0	surroundings		
117	1433010.0	2010	120.0	1157.0	408.0	cell phone	0.6466666666666666	0.34296028880866425
118	1434630.0	2011	80.0	923.0	365.0	cell phone	0.37302712989745535	0.5070588488386417
119	1435120.0	2012	80.0	960.0	421.0	cell phone	0.514609393821551	0.5308516986248596
120	1437549.0	2013	80.0	926.0	245.0	surroundings		
121	1437939.0	2014	180.0	931.0	313.0	cell phone	0.33499815969476826	0.020095733995047917
122	1438419.0	2015	180.0	935.0	314.0	cell phone	0.3686922941288535	0.053440949923272266
123	1439209.0	2016	440.0	1002.0	296.0	surroundings		
124	1439569.0	2017	240.0	869.0	330.0	cell phone	0.2009131609099343	0.056210684393998386
125	1439799.0	2018	180.0	916.0	315.0	cell phone	0.1846426830700248	0.0738463162991972
126	1440079.0	2019	180.0	962.0	283.0	cell phone	0.2469970506367968	0.06399476479654173
127	1440719.0	2020	100.0	966.0	336.0	cell phone	0.2324948848109714	0.0735576095652936
128	1441079.0	2021	300.0	955.0	307.0	cell phone	0.28487498414806944	0.015001480047418787
129	1441608.0	2022	360.0	982.0	326.0	cell phone	0.4164215867586215	0.046669511309386034
130	1441918.0	2023	220.0	880.0	347.0	cell phone	0.21290573725337286	0.06572582599643552
131	1442118.0	2024	140.0	865.0	359.0	cell phone	0.3033025310378685	0.08859774197984492
132	1442248.0	2025	80.0	915.0	334.0	cell phone	0.4419388431278298	0.056356682464674006
133	1442478.0	2026	100.0	895.0	356.0	cell phone	0.389361785731516	0.07588544541199911
134	1442588.0	2027	80.0	862.0	363.0	cell phone	0.2788791535846431	0.08651696849039486
135	1442898.0	2028	220.0	1020.0	346.0	cell phone	0.758889271114533	0.03990847112125618
136	1443108.0	2029	120.0	867.0	373.0	cell phone	0.05520990595408647	0.3463544020922175
137	1443258.0	2030	140.0	923.0	369.0	cell phone	0.2478965533308905	0.0497962376529418
138	1443398.0	2031	100.0	974.0	353.0	cell phone	0.34336180564227164	0.048041999509892255
139	1443648.0	2032	120.0	1012.0	344.0	cell phone	0.4924471299093656	0.06497622820919176
140	1443878.0	2033	260.0	1035.0	299.0	cell phone	0.6568138856935791	0.06252491350051648
141	1446557.0	2034	60.0	957.0	347.0	cell phone	0.4093068631874859	0.08071886787981833
142	1448417.0	2035	260.0	930.0	360.0	cell phone	0.4609303265418039	0.05729161156001075
143	1450866.0	2036	120.0	932.0	266.0	cell phone	0.526470180655307	0.0827739550937182
144	1451126.0	2037	120.0	1012.0	386.0	cell phone	0.582108434588179	0.5468105597765771
145	1451416.0	2038	180.0	1117.0	323.0	cell phone	0.8968744406391339	0.5189491474794319
146	1452916.0	2039	140.0	1026.0	410.0	cell phone	0.6686361521106562	0.5641453203524794
147	1453126.0	2040	160.0	1049.0	398.0	cell phone	0.7316831117740116	0.5739088260263479
148	1454166.0	2041	80.0	954.0	311.0	cell phone	0.6209327445562247	0.2740378032347121
149	1455635.0	2042	140.0	957.0	235.0	cell phone	0.4195641478310773	0.09290623312339698
150	1455855.0	2043	260.0	965.0	258.0	cell phone	0.5846999453416475	0.15206255937163687
151	1456045.0	2044	80.0	1030.0	316.0	cell phone	0.6092082704606975	0.2824796504795409
152	1456265.0	2045	200.0	1016.0	380.0	cell phone	0.6598890942698706	0.5148514851485149
153	1456595.0	2046	420.0	1069.0	343.0	cell phone	0.7898442192865519	0.5153083274411062
154	1457105.0	2047	400.0	1081.0	327.0	cell phone	0.8034039168683715	0.481837580548417
155	1457885.0	2048	760.0	1027.0	358.0	cell phone	0.6260841982578886	0.5339282770767976
156	1458465.0	2049	160.0	1004.0	367.0	cell phone	0.6840480288943407	0.5163743972488154
157	1459934.0	2050	260.0	930.0	288.0	cell phone	0.482897384305835	0.02974504249291785
158	1462684.0	2051	200.0	1054.0	421.0	cell phone	0.6845842240523953	0.6036309376050447
159	1463093.0	2052	100.0	1002.0	279.0	cell phone	0.6821192052980133	0.2828282828282828
160	1463313.0	2053	220.0	861.0	399.0	cell phone	0.19546725442043664	0.4414704876237781
161	1463523.0	2054	80.0	939.0	388.0	cell phone	0.5155642023346303	0.424597364568082
162	1463773.0	2055	180.0	931.0	379.0	cell phone	0.4475374732334047	0.4236311239193084
163	1463953.0	2056	140.0	1023.0	380.0	cell phone	0.6645719332616195	0.4233406052552154
164	1464393.0	2057	100.0	1026.0	307.0	cell phone	0.6026683565102461	0.2474577570953788
165	1464803.0	2058	80.0	949.0	333.0	cell phone	0.5129286225553955	0.04778837905101676
166	1465023.0	2059	120.0	963.0	341.0	cell phone	0.6411889596602972	0.07854984894259819
167	1465194.0	2060	160.0	960.0	320.0	cell phone	0.6990538714611624	0.06259641812549725
168	1465503.0	2061	80.0	897.0	347.0	cell phone	0.4326710816777042	0.07886904761904763
169	1465923.0	2062	160.0	1001.0	313.0	cell phone	0.6192660550458715	0.04398826979472141
170	1466423.0	2063	120.0	1051.0	424.0	cell phone	0.6958550836976358	0.274482450244641
171	1468212.0	2064	180.0	1077.0	381.0	cell phone	0.592896174863388	0.5680119581464873
172	1468542.0	2065	80.0	1057.0	319.0	cell phone	0.6827972362006135	0.3989141211574928
173	1468792.0	2066	220.0	1079.0	311.0	cell phone	0.686265693903749	0.3244163793776192
174	1469302.0	2067	120.0	1020.0	242.0	others		
175	1469812.0	2068	140.0	954.0	328.0	others		
176	1470162.0	2069	200.0	969.0	375.0	cell phone	0.40102081488517305	0.11826008318095325
177	1470462.0	2070	80.0	935.0	312.0	cell phone	0.6577703819530047	0.012522266795633352
178	1470861.0	2071	120.0	898.0	366.0	cell phone	0.6061810840197036	0.0680023262212805
179	1471021.0	2072	80.0	983.0	366.0	cell phone	0.6748785831578611	0.06653783837913714
180	1471141.0	2073	120.0	921.0	363.0	cell phone	0.4194751291748142	0.059112304355415875
181	1471311.0	2074	180.0	790.0	352.0	cell phone	0.4711864406779661	0.0049504950495049506
182	1471641.0	2075	280.0	895.0	380.0	cell phone	0.2509390780111747	0.06842365227810368
183	1472171.0	2076	220.0	963.0	368.0	cell phone	0.6165162829383736	0.06032975647265928
184	1472421.0	2077	160.0	1011.0	381.0	cell phone	0.7180363709074028	0.06606454602089806
185	1472591.0	2078	140.0	954.0	385.0	cell phone	0.7201565557729941	0.05930807248764415
186	1474141.0	2079	200.0	985.0	380.0	cell phone	0.7931889575580074	0.4626693335514323
187	1474691.0	2080	100.0	881.0	375.0	cell phone	0.3262482449722876	0.5259838840535142
188	1474860.0	2081	160.0	966.0	334.0	cell phone	0.5405933722872449	0.42574203311999137
189	1475640.0	2082	120.0	949.0	387.0	cell phone	0.6217425106711979	0.4582709070611308
190	1475880.0	2083	240.0	1023.0	393.0	cell phone	0.7612244897959184	0.4887640449438202
191	1476060.0	2084	80.0	980.0	408.0	cell phone	0.6599733371823533	0.5391839364813474
192	1476218.0	2085	180.0	963.0	397.0	cell phone	0.7501349421762863	0.5327316844048428
193	1476430.0	2086	220.0	982.0	384.0	cell phone	0.6502732240437158	0.5206043956043956
194	1476620.0	2087	120.0	969.0	373.0	cell phone	0.7325531468173965	0.5263346640907439
195	1477020.0	2088	80.0	928.0	228.0	cell phone	0.6201378748474067	0.11537304094678162
196	1477180.0	2089	120.0	929.0	259.0	cell phone	0.5962101072349993	0.09561209591927476
197	1477480.0	2090	200.0	944.0	312.0	cell phone	0.4563894325130191	0.2024524450542317
198	1477660.0	2091	80.0	898.0	352.0	cell phone	0.5069164712710044	0.20915559309497747
199	1477800.0	2092	120.0	929.0	326.0	cell phone	0.5620803199513785	0.16557633496928856
200	1478170.0	2093	580.0	948.0	342.0	cell phone	0.5901461801739288	0.18692627621482824
201	1478750.0	2094	140.0	942.0	389.0	cell phone	0.4333247603054759	0.1916317904631588
202	1478899.0	2095	120.0	903.0	442.0	cell phone	0.39135039273579225	0.2056039072313721
203	1479019.0	2096	80.0	1040.0	387.0	cell phone	0.7025319057464551	0.15097593334800827
204	1479329.0	2097	300.0	989.0	377.0	cell phone	0.7696327446226905	0.18502399872610245
205	1479639.0	2098	280.0	1007.0	393.0	cell phone	0.8052530453858802	0.16373568153696627
206	1480029.0	2099	100.0	909.0	400.0	cell phone	0.4964656030602527	0.16387575733939486
207	1480409.0	2100	500.0	997.0	413.0	cell phone	0.5497988919259756	0.20158399985272807
208	1480979.0	2101	80.0	1091.0	366.0	cell phone	0.7656565656565657	0.17894736842105266
209	1481489.0	2102	140.0	1031.0	374.0	cell phone	0.8352851517710717	0.2784956109109551
210	1481749.0	2103	140.0	967.0	392.0	cell phone	0.8244434451843934	0.2579595448867792
211	1482009.0	2104	140.0	963.0	439.0	cell phone	0.7094521585310538	0.3223453134848829
212	1482469.0	2105	100.0	1196.0	348.0	surroundings		
213	1482729.0	2106	340.0	1049.0	481.0	surroundings		
214	1483158.0	2107	200.0	1033.0	325.0	others		
215	1485098.0	2108	160.0	1076.0	402.0	surroundings		
216	1485268.0	2109	80.0	1060.0	381.0	surroundings		
217	1485478.0	2110	160.0	1052.0	386.0	surroundings		
218	1485998.0	2111	120.0	1019.0	330.0	cell phone	0.9552997763473798	0.4391496106998402
219	1488107.0	2112	220.0	1138.0	434.0	surroundings		
220	1491816.0	2113	120.0	1053.0	428.0	cell phone	0.6626865671641791	0.5102685624012638
221	1492186.0	2114	100.0	948.0	460.0	cell phone	0.3433734939759036	0.5721153846153846
222	1492596.0	2115	240.0	1021.0	442.0	cell phone	0.5323529411764706	0.5135566188197768
223	1492916.0	2116	80.0	965.0	471.0	cell phone	0.5536105032822757	0.4976887519260401
224	1495465.0	2117	140.0	1067.0	297.0	cell phone	0.8297362110311751	0.1791044776119403
225	1495755.0	2118	160.0	1038.0	461.0	cell phone	0.7692307692307693	0.498371335504886
226	1498325.0	2119	100.0	1059.0	399.0	cell phone	0.9381582354448768	0.6063646511445093
227	1500035.0	2120	80.0	1096.0	440.0	surroundings		
228	1500245.0	2121	260.0	1111.0	445.0	surroundings		
229	1500724.0	2122	260.0	1080.0	399.0	surroundings		
230	1501404.0	2123	620.0	903.0	300.0	cell phone	0.6091466509481385	0.229846173147703
231	1501924.0	2124	180.0	1044.0	372.0	cell phone	0.8914560655856376	0.3126558577643752
232	1502374.0	2125	280.0	967.0	299.0	cell phone	0.6366401445979533	0.2024816041799931
233	1502594.0	2126	120.0	990.0	411.0	cell phone	0.6483678950782534	0.4650311681563194
234	1502844.0	2127	340.0	985.0	388.0	cell phone	0.5759881666154597	0.4936619218204222
235	1503704.0	2128	220.0	955.0	240.0	cell phone	0.3574868743538326	0.056561024420786185
236	1504054.0	2129	320.0	939.0	262.0	cell phone	0.3243921561228823	0.05616232372247865
237	1504384.0	2130	140.0	1028.0	438.0	cell phone	0.6892058114603743	0.5729385285606515
238	1504603.0	2131	260.0	1148.0	386.0	surroundings		
239	1504823.0	2132	100.0	946.0	420.0	cell phone	0.6247048672079377	0.5780131741261719
240	1506823.0	2133	260.0	1101.0	412.0	cell phone	0.9799335876355132	0.5102076230085428
241	1512711.0	2134	200.0	1071.0	460.0	cell phone	0.8672933173719949	0.5934645019957522
242	1517280.0	2135	100.0	904.0	458.0	cell phone	0.4834782341061284	0.5728797350555757
243	1518020.0	2136	180.0	884.0	453.0	cell phone	0.6261143787410963	0.5848756119433921
244	1518700.0	2137	180.0	887.0	448.0	cell phone	0.3143088239886388	0.6353280553869031
245	1520340.0	2138	100.0	1029.0	395.0	cell phone	0.8441395567254101	0.5687469700140717
246	1520969.0	2139	120.0	927.0	418.0	cell phone	0.6752305787562776	0.5704618384279215
247	1521339.0	2140	100.0	966.0	448.0	cell phone	0.6559913807910995	0.5608974267311759
248	1521829.0	2141	600.0	963.0	461.0	cell phone	0.6409600745145988	0.5399603326076052
249	1522279.0	2142	100.0	974.0	448.0	cell phone	0.7026419469080059	0.5750903438461417
250	1522449.0	2143	200.0	995.0	459.0	cell phone	0.7787631235384419	0.5070328028058327
251	1522669.0	2144	160.0	940.0	474.0	cell phone	0.5901146156158948	0.5576725133857803
252	1522859.0	2145	180.0	992.0	443.0	cell phone	0.7369809349680234	0.5091347483219555
253	1523189.0	2146	280.0	958.0	445.0	cell phone	0.6498126045634958	0.5517464636584735
254	1523979.0	2147	1260.0	848.0	484.0	cell phone	0.4041126405816824	0.5960353331143136
255	1524729.0	2148	200.0	990.0	458.0	cell phone	0.7701052391906036	0.469340637824502
256	1525038.0	2149	380.0	913.0	484.0	cell phone	0.5284648239783464	0.6579807875154278
257	1525628.0	2150	780.0	899.0	503.0	cell phone	0.3712435976055492	0.7558350861235341
258	1526378.0	2151	560.0	962.0	183.0	cell phone	0.5513428427349092	0.10062786103036246
259	1526728.0	2152	120.0	1006.0	251.0	cell phone	0.7457959369975722	0.14952146961421128
260	1527048.0	2153	320.0	1004.0	222.0	cell phone	0.8042759832494057	0.08887411706402126
261	1527778.0	2154	980.0	901.0	488.0	cell phone	0.3817733990147783	0.6900584795321637
262	1528598.0	2155	620.0	926.0	507.0	cell phone	0.43796012395808254	0.6953075521111902
263	1529098.0	2156	340.0	983.0	447.0	cell phone	0.6636620726004657	0.5928244356646699
264	1529397.0	2157	220.0	828.0	461.0	cell phone	0.33058592079765003	0.5718077546668581
265	1529927.0	2158	800.0	908.0	506.0	cell phone	0.6103138653528207	0.5638920680195209
266	1530527.0	2159	360.0	842.0	524.0	cell phone	0.3538514475745398	0.634753839808897
267	1530797.0	2160	140.0	913.0	498.0	cell phone	0.6565871392456656	0.5966666155276593
268	1531087.0	2161	400.0	906.0	465.0	cell phone	0.5611108997068829	0.582298751518917
269	1531467.0	2162	320.0	950.0	484.0	cell phone	0.7617218044860669	0.5569606537938152
270	1531697.0	2163	100.0	874.0	545.0	cell phone	0.5241032176595359	0.6417154261117125
271	1531977.0	2164	100.0	890.0	512.0	cell phone	0.5027899828349393	0.6087424899405954
272	1532337.0	2165	500.0	908.0	489.0	cell phone	0.5376902980713917	0.5885348557089257
273	1532897.0	2166	500.0	855.0	295.0	cell phone	0.36603330870195855	0.18084400596019887
274	1533226.0	2167	120.0	848.0	267.0	cell phone	0.3567050910309221	0.16715541055144534
275	1533556.0	2168	180.0	942.0	490.0	cell phone	0.5115467798840128	0.5550298992146466
276	1533996.0	2169	140.0	833.0	259.0	cell phone	0.4881223132032517	0.16186104423729605
277	1534146.0	2170	80.0	920.0	474.0	cell phone	0.5599022004889975	0.5308441558441559
278	1534276.0	2171	100.0	879.0	474.0	cell phone	0.4733838126323998	0.5549125805926624
279	1534626.0	2172	560.0	892.0	481.0	cell phone	0.4990951492113288	0.5104462164072091
280	1535206.0	2173	320.0	858.0	260.0	cell phone	0.5374643441407588	0.14498632699418984
281	1535626.0	2174	400.0	965.0	505.0	cell phone	0.5182798333230351	0.6606675437923523
282	1536076.0	2175	340.0	975.0	492.0	cell phone	0.5961122423872814	0.6604799400346942
283	1536356.0	2176	160.0	862.0	515.0	cell phone	0.3290698225447328	0.6087888842035094
284	1536736.0	2177	580.0	978.0	466.0	cell phone	0.7425881618043899	0.5431786555573643
285	1537275.0	2178	380.0	865.0	233.0	cell phone	0.6071092390304622	0.14613045539983166
286	1539755.0	2179	4459.0	890.0	504.0	cell phone	0.38065232705691854	0.6107972080990094
287	1542334.0	2180	580.0	827.0	275.0	cell phone	0.16754871706549354	0.16838870851526408
288	1542934.0	2181	540.0	934.0	447.0	cell phone	0.4594425758415394	0.447969655015015
289	1544674.0	2182	2679.0	933.0	349.0	cell phone	0.5631054669919571	0.07354007828678677
290	1546273.0	2183	340.0	907.0	498.0	cell phone	0.5758226107198001	0.7085985450685378
291	1547803.0	2184	2359.0	938.0	334.0	cell phone	0.6542857142857142	0.050314465408805034
292	1549283.0	2185	560.0	914.0	471.0	cell phone	0.4610768473648757	0.4829343222820592
293	1550482.0	2186	80.0	181.0	135.0	building		
294	1550902.0	2187	360.0	724.0	159.0	surroundings		
295	1551282.0	2188	360.0	733.0	169.0	surroundings		
296	1551982.0	2189	520.0	948.0	448.0	cell phone	0.7506322609618651	0.5289327005524552
297	1552642.0	2190	720.0	964.0	290.0	cell phone	0.439452521871662	0.047747380032261005
298	1553282.0	2191	440.0	914.0	333.0	cell phone	0.4825384529184242	0.10613994042163498
299	1553632.0	2192	180.0	1045.0	413.0	cell phone	0.4785710704368028	0.3411370802590564
300	1553961.0	2193	320.0	975.0	450.0	cell phone	0.5850937215636426	0.4659368661381076
301	1554761.0	2194	800.0	1008.0	477.0	cell phone	0.648244076190624	0.5909609956603112
302	1555511.0	2195	560.0	987.0	453.0	cell phone	0.5719596541628957	0.5892263143995847
303	1556391.0	2196	1080.0	892.0	310.0	cell phone	0.2568717324267026	0.07493302941123972
304	1557141.0	2197	360.0	1001.0	459.0	cell phone	0.8390696909127814	0.6592533504304624
305	1557471.0	2198	100.0	779.0	71.0	cell phone	0.3004285439076901	0.06504992705495663
306	1557701.0	2199	320.0	851.0	180.0	cell phone	0.3728726791060878	0.08186263261379934
307	1558080.0	2200	360.0	1024.0	242.0	cell phone	0.8893974855819852	0.06579186223522036
308	1558450.0	2201	220.0	982.0	506.0	cell phone	0.8881691801531476	0.6570894549258888
309	1558740.0	2202	160.0	898.0	204.0	cell phone	0.7110043747705072	0.1200242269198422
310	1559400.0	2203	1120.0	865.0	343.0	cell phone	0.192171543674185	0.08197206469919753
311	1560120.0	2204	240.0	1009.0	510.0	cell phone	0.8357762976309739	0.7496318333025703
312	1561040.0	2205	1560.0	898.0	348.0	cell phone	0.4545396160739416	0.6871119349079382
313	1562179.0	2206	680.0	981.0	390.0	cell phone	0.7148989042972523	0.5642132362400644
314	1562669.0	2207	260.0	903.0	466.0	cell phone	0.6250501785327011	0.6198394903641281
315	1562909.0	2208	140.0	853.0	333.0	cell phone	0.4121592313936309	0.3898854834789681
316	1563289.0	2209	580.0	878.0	259.0	cell phone	0.573352799380079	0.09924240038673733
317	1563909.0	2210	580.0	928.0	420.0	cell phone	0.7024647887323944	0.5064935064935064
318	1564509.0	2211	580.0	901.0	398.0	cell phone	0.4727438999247947	0.4553278842123429
319	1565109.0	2212	580.0	905.0	240.0	cell phone	0.568709597564661	0.11108910481562287
320	1565849.0	2213	880.0	898.0	300.0	cell phone	0.20332496037331987	0.05252274958091563
321	1566608.0	2214	600.0	861.0	344.0	surroundings		
322	1567098.0	2215	160.0	988.0	428.0	cell phone	0.5914595927138621	0.2999955658457389
323	1567388.0	2216	260.0	897.0	417.0	cell phone	0.5337734347056668	0.5801592933720999
324	1567598.0	2217	120.0	928.0	436.0	cell phone	0.6822287483508762	0.6029741687025634
325	1568138.0	2218	920.0	851.0	425.0	cell phone	0.5802316040354251	0.5371261041897747
326	1569418.0	2219	1440.0	916.0	427.0	cell phone	0.4894688029659131	0.4585279493113361
327	1570257.5	2220	200.0	882.0	329.0	cell phone	0.4481330526019081	0.4197191297340592
328	1570857.0	2221	800.0	866.0	231.0	surroundings		
329	1572447.0	2222	100.0	885.0	163.0	building		
330	1572617.0	2223	200.0	800.0	195.0	building		
331	1572807.0	2224	140.0	761.0	161.0	building		
332	1573177.0	2225	280.0	1048.0	161.0	building		
333	1573747.0	2226	300.0	932.0	290.0	cell phone	0.6016192073023037	0.4124199864591429
334	1574097.0	2227	360.0	840.0	100.0	cell phone	0.4062034321982528	0.11069410443369664
335	1575956.0	2228	3319.0	915.0	137.0	cell phone	0.5213659264871364	0.1396095333677227
336	1577976.0	2229	640.0	944.0	362.0	cell phone	0.5218579234972678	0.586709886547812
337	1578875.0	2230	920.0	823.0	128.0	cell phone	0.36978251912148574	0.12635849936211793
338	1579895.0	2231	1000.0	902.0	338.0	cell phone	0.5644698404622821	0.5706140443107746
339	1580655.0	2232	240.0	848.0	84.0	cell phone	0.4680969432108295	0.09103554361771453
340	1582025.0	2233	100.0	1029.0	52.0	building		
341	1583315.0	2234	160.0	997.0	382.0	cell phone	0.5662659527084603	0.3604607601484255
342	1583534.0	2235	240.0	885.0	237.0	cell phone	0.4025283990504721	0.200763572058984
343	1584774.0	2236	2139.0	938.0	324.0	cell phone	0.5882844137374758	0.5333880391512646
344	1586984.0	2237	2199.0	986.0	350.0	cell phone	0.6389976704195549	0.5841076321641246
345	1588323.0	2238	220.0	1000.0	132.0	cell phone	0.6156615177112793	0.045560059895014285
346	1588843.0	2239	700.0	933.0	444.0	cell phone	0.7443843136764455	0.5522104645401691
347	1589603.0	2240	660.0	936.0	467.0	cell phone	0.6956378883077187	0.6181541872028203
348	1590213.0	2241	480.0	828.0	232.0	cell phone	0.1656850769627133	0.08820407588748308
349	1590803.0	2242	540.0	917.0	433.0	cell phone	0.7661747168613026	0.6637806961316816
350	1591562.0	2243	780.0	930.0	419.0	cell phone	0.6480856706178056	0.5702734063107541
351	1592102.0	2244	220.0	848.0	309.0	cell phone	0.21146822475084076	0.2377545698797157
352	1592562.0	2245	660.0	1015.0	398.0	cell phone	0.5209590386276582	0.26976544228030064
353	1593412.0	2246	760.0	995.0	452.0	cell phone	0.6643673598015466	0.6364701263225866
354	1594132.0	2247	600.0	885.0	238.0	cell phone	0.09595660263718016	0.04974912256852911
355	1594872.0	2248	640.0	986.0	414.0	cell phone	0.6885643018841037	0.6209943765125648
356	1595801.0	2249	1000.0	908.0	446.0	cell phone	0.6324028006493787	0.5407432226977531
357	1596581.0	2250	480.0	972.0	324.0	cell phone	0.8395443395641597	0.40229625623420456
358	1597161.0	2251	620.0	812.0	330.0	cell phone	0.08580288895118073	0.360246027654104
359	1597961.0	2252	940.0	963.0	406.0	cell phone	0.6050624064073692	0.486770061699115
360	1598791.0	2253	520.0	925.0	425.0	cell phone	0.5898165048787263	0.4877211367078405
361	1600500.0	2254	820.0	963.0	406.0	cell phone	0.5752504400869285	0.5080028389641675
362	1601130.0	2255	400.0	951.0	301.0	cell phone	0.4243811617122499	0.16892912303491867
363	1601450.0	2256	200.0	980.0	329.0	cell phone	0.5244001311065156	0.2290330870128861
364	1602280.0	2257	1420.0	987.0	423.0	cell phone	0.61863156935327	0.4877146785586004
365	1603549.0	2258	920.0	1036.0	411.0	cell phone	0.5626713926427737	0.496220657240225
366	1604339.0	2259	340.0	998.0	439.0	cell phone	0.558784006352303	0.4613682956929083
367	1605099.0	2260	820.0	964.0	440.0	cell phone	0.5575177261977095	0.4727722531176876
368	1605759.0	2261	320.0	941.0	441.0	cell phone	0.5390328790558145	0.4801964607322018
369	1606199.0	2262	260.0	956.0	447.0	cell phone	0.5393583966668	0.5035792657149726
370	1606619.0	2263	480.0	934.0	425.0	cell phone	0.4806500920606365	0.458679990236368
371	1607029.0	2264	120.0	886.0	216.0	cell phone	0.35658682630143296	0.03862182241221508
372	1607299.0	2265	380.0	872.0	201.0	surroundings		
373	1607669.0	2266	320.0	939.0	345.0	cell phone	0.4319066147859921	0.06019188797670547
374	1608028.0	2267	320.0	987.0	388.0	cell phone	0.7110540087196221	0.1485727397636735
375	1608348.0	2268	280.0	951.0	224.0	cell phone	0.5599593071511847	0.10293334921286404
376	1609158.0	2269	340.0	922.0	288.0	cell phone	0.5700773224486948	0.5083166774138835
377	1609468.0	2270	200.0	927.0	330.0	cell phone	0.4531392278932436	0.4099481157215925
378	1610048.0	2271	80.0	1074.0	81.0	surroundings		
379	1610208.0	2272	200.0	1084.0	131.0	building		
380	1610528.0	2273	160.0	831.0	152.0	surroundings		
381	1610918.0	2274	100.0	935.0	429.0	cell phone	0.4295464617991903	0.40876684835763344
382	1611288.0	2275	600.0	1006.0	384.0	cell phone	0.5533052935241294	0.4646129914776631
383	1611967.0	2276	720.0	977.0	394.0	cell phone	0.5433168589407634	0.4418271742093165
384	1612547.0	2277	360.0	971.0	408.0	cell phone	0.5377400135944568	0.4465554485594873
385	1613007.0	2278	160.0	896.0	246.0	cell phone	0.30708255929725337	0.04140052991094194
386	1613147.0	2279	80.0	886.0	260.0	cell phone	0.1927638132781171	0.07272973067583156
387	1613507.0	2280	560.0	992.0	440.0	cell phone	0.5754579537629567	0.4884689553792599
388	1614187.0	2281	720.0	906.0	275.0	cell phone	0.16230095383636906	0.025696983169202145
389	1615007.0	2282	800.0	1039.0	471.0	cell phone	0.5519931218148821	0.4592205307708061
390	1616506.0	2283	2000.0	915.0	465.0	cell phone	0.6210024683009937	0.5334116706918407
391	1619506.0	2284	800.0	984.0	374.0	cell phone	0.7091432689742665	0.5442552778919537
392	1621785.0	2285	2719.0	982.0	391.0	cell phone	0.6013735316811132	0.3973308364967933
393	1623995.0	2286	700.0	924.0	403.0	cell phone	0.6360239793431123	0.5430171698325241
394	1624654.0	2287	420.0	863.0	268.0	surroundings		
395	1626754.0	2288	3539.0	958.0	447.0	cell phone	0.618731583064554	0.488535299472509
396	1628753.0	2289	380.0	862.0	373.0	cell phone	0.2465447163747887	0.08837371602413531
397	1629483.0	2290	80.0	980.0	91.0	surroundings		
398	1629623.0	2291	160.0	908.0	108.0	surroundings		
399	1629773.0	2292	100.0	862.0	36.0	surroundings		
400	1629953.0	2293	180.0	837.0	64.0	surroundings		
401	1630993.0	2294	1380.0	936.0	409.0	cell phone	0.5926378817976587	0.40987988463129255
402	1632412.0	2295	260.0	940.0	374.0	cell phone	0.2535408837931833	0.21306347203894085
403	1632832.0	2296	540.0	1010.0	452.0	cell phone	0.5523084833606433	0.5415310049800011
404	1634892.0	2297	180.0	1057.0	510.0	cell phone	0.7142379371907424	0.5721021613086604
405	1635262.0	2298	520.0	962.0	429.0	cell phone	0.4716082253431384	0.4575069647616988
406	1635726.0	2299	360.0	1004.0	356.0	cell phone	0.6815457888464841	0.2011261466361068
407	1639321.0	2300	1320.0	934.0	375.0	cell phone	0.4988521624905386	0.396873249957972
408	1640051.0	2301	100.0	916.0	248.0	cell phone	0.38296593547424257	0.21697552832156491
409	1640421.0	2302	600.0	896.0	186.0	others		
410	1640890.0	2303	300.0	965.0	331.0	cell phone	0.5345164279872169	0.10555576976754133
411	1644070.0	2304	220.0	274.0	154.0	building		
412	1644600.0	2305	80.0	1273.0	218.0	building		
413	1644979.0	2306	120.0	1191.0	10.0	building		
414	1645169.0	2307	100.0	1020.0	22.0	surroundings		
415	1646469.0	2308	1820.0	918.0	355.0	cell phone	0.31064354499738195	0.3199708080108537
416	1650748.0	2309	260.0	1123.0	57.0	surroundings		
417	1651708.0	2310	900.0	949.0	314.0	cell phone	0.7253056822376525	0.3604282819137229
418	1653287.0	2311	2219.0	984.0	421.0	cell phone	0.4341191174312467	0.3632173958599076
419	1654957.0	2312	280.0	851.0	26.0	building		
420	1655407.0	2313	300.0	1009.0	279.0	others		
421	1656057.0	2314	740.0	970.0	310.0	cell phone	0.5392156862745098	0.4208633093525179
422	1656577.0	2315	240.0	898.0	257.0	cell phone	0.2700182585891861	0.2230852133896156
423	1656907.0	2316	400.0	1005.0	284.0	cell phone	0.5578862483709575	0.19736362653113768
424	1657476.0	2317	640.0	1018.0	458.0	cell phone	0.6501547987616099	0.4543859649122807
425	1660496.0	2318	80.0	911.0	40.0	surroundings		
426	1660646.0	2319	180.0	912.0	36.0	building		
427	1661256.0	2320	560.0	984.0	361.0	cell phone	0.4701730828970755	0.4009589547706845
428	1661605.0	2321	100.0	876.0	373.0	cell phone	0.2832147847488176	0.24942944114373564
429	1662275.0	2322	1200.0	964.0	403.0	cell phone	0.5863371369249112	0.4675361511315315
430	1663215.0	2323	600.0	940.0	321.0	cell phone	0.5052555807844059	0.2519562889646649
431	1663685.0	2324	300.0	914.0	315.0	others		
432	1664325.0	2325	140.0	922.0	21.0	surroundings		
433	1665235.0	2326	560.0	917.0	245.0	building		
434	1665964.0	2327	100.0	747.0	40.0	building		
435	1666184.0	2328	100.0	883.0	41.0	surroundings		
436	1666334.0	2329	120.0	1071.0	118.0	surroundings		
437	1666664.0	2330	260.0	826.0	108.0	surroundings		
438	1667074.0	2331	80.0	891.0	717.0	surroundings		
439	1667574.0	2332	360.0	947.0	61.0	surroundings		
440	1667874.0	2333	120.0	770.0	154.0	building		
441	1668054.0	2334	120.0	784.0	115.0	surroundings		
442	1668544.0	2335	380.0	1125.0	124.0	surroundings		
443	1668854.0	2336	120.0	610.0	168.0	building		
444	1669144.0	2337	180.0	376.0	222.0	surroundings		
445	1670113.0	2338	280.0	1009.0	297.0	surroundings		
446	1670663.0	2339	740.0	978.0	365.0	cell phone	0.7137483422868289	0.3356972431660566
447	1671233.0	2340	360.0	954.0	450.0	cell phone	0.4949942590235583	0.54483628837089
448	1671633.0	2341	360.0	901.0	243.0	others		
449	1672593.0	2342	80.0	1042.0	193.0	surroundings		
450	1672853.0	2343	240.0	680.0	49.0	building		
451	1673173.0	2344	320.0	657.0	119.0	building		
452	1673473.0	2345	240.0	744.0	234.0	building		
453	1674052.0	2346	840.0	801.0	277.0	building		
454	1674672.0	2347	80.0	844.0	145.0	building		
455	1675012.0	2348	80.0	1054.0	569.0	surroundings		
456	1676632.0	2349	460.0	915.0	75.0	building		
457	1677062.0	2350	140.0	820.0	62.0	building		
458	1677292.0	2351	240.0	976.0	143.0	others		
459	1677532.0	2352	160.0	779.0	200.0	surroundings		
460	1677861.0	2353	100.0	861.0	59.0	others		
461	1678631.0	2354	80.0	739.0	266.0	building		
462	1679461.0	2355	180.0	572.0	234.0	building		
463	1679631.0	2356	120.0	640.0	280.0	building		
464	1679841.0	2357	260.0	579.0	195.0	building		
465	1680161.0	2358	340.0	546.0	150.0	building		
466	1680511.0	2359	280.0	937.0	99.0	surroundings		
467	1680731.0	2360	80.0	768.0	115.0	surroundings		
468	1680881.0	2361	180.0	816.0	106.0	surroundings		
469	1681511.0	2362	80.0	1212.0	14.0	surroundings		
470	1681611.0	2363	80.0	1222.0	28.0	surroundings		
471	1681860.0	2364	220.0	1098.0	54.0	surroundings		
472	1682250.0	2365	80.0	1046.0	34.0	surroundings		
473	1682720.0	2366	100.0	523.0	120.0	building		
474	1682910.0	2367	120.0	743.0	168.0	building		
475	1683050.0	2368	120.0	775.0	200.0	surroundings		
476	1683550.0	2369	160.0	815.0	142.0	surroundings		
477	1691248.0	2370	160.0	1063.0	418.0	surroundings		
478	1694367.0	2371	160.0	745.0	217.0	building		
479	1694547.0	2372	80.0	913.0	254.0	building		
480	1694687.0	2373	160.0	864.0	171.0	building		
481	1694917.0	2374	180.0	1122.0	42.0	building		
482	1695767.0	2375	900.0	944.0	357.0	cell phone	0.43661268694988975	0.4977586044686829
483	1696367.0	2376	280.0	890.0	186.0	cell phone	0.35880555502883993	0.048882471724207656
484	1696597.0	2377	140.0	948.0	326.0	cell phone	0.4900030439098408	0.2619950744036251
485	1697087.0	2378	820.0	916.0	226.0	cell phone	0.3702133234951653	0.0015835003995324855
486	1697757.0	2379	460.0	1003.0	247.0	surroundings		
487	1698226.0	2380	400.0	891.0	299.0	cell phone	0.275169814562104	0.030575397687563493
488	1698656.0	2381	340.0	865.0	315.0	cell phone	0.23995513438805496	0.045015427247299324
489	1699166.0	2382	640.0	984.0	309.0	cell phone	0.6345288880897096	0.0071226139198583465
490	1700206.0	2383	1400.0	940.0	340.0	cell phone	0.5248160192916398	0.04294645889886791
491	1701366.0	2384	520.0	952.0	341.0	cell phone	0.4751726190970612	0.026711604481763355
492	1702026.0	2385	480.0	950.0	328.0	cell phone	0.5111076389956999	0.0451125028524043
493	1702356.0	2386	140.0	1013.0	321.0	cell phone	0.7238095238095238	0.024
494	1702895.0	2387	900.0	944.0	383.0	cell phone	0.4737341904220123	0.24939559919668064
495	1706904.0	2388	220.0	833.0	262.0	building		
496	1707214.0	2389	220.0	1082.0	42.0	building		
497	1708044.0	2390	760.0	915.0	347.0	cell phone	0.3504273504273504	0.10114192495921696
498	1708964.0	2391	800.0	878.0	268.0	cell phone	0.4394732492248044	0.05121913282417435
499	1709484.0	2392	200.0	849.0	270.0	surroundings		
500	1709704.0	2393	120.0	918.0	275.0	surroundings		
501	1710144.0	2394	560.0	925.0	335.0	surroundings		
502	1711003.0	2395	960.0	936.0	352.0	surroundings		
503	1712163.0	2396	1320.0	959.0	285.0	cell phone	0.548959087414142	0.09720842665804244
504	1712923.0	2397	120.0	884.0	426.0	cell phone	0.4628132419679172	0.3214117869674527
505	1713153.0	2398	180.0	897.0	385.0	cell phone	0.5012448555122005	0.3199451112827178
506	1713423.0	2399	320.0	959.0	457.0	cell phone	0.632868554825213	0.5266557210654655
507	1714922.0	2400	2379.0	925.0	411.0	cell phone	0.5343477311531549	0.4694501803614196
508	1716292.0	2401	340.0	843.0	349.0	cell phone	0.2986233530451071	0.3631453585844522
509	1716752.0	2402	520.0	925.0	451.0	cell phone	0.5796434750569768	0.5231160547049172
510	1718482.0	2403	80.0	698.0	304.0	building		
511	1718732.0	2404	220.0	644.0	176.0	building		
512	1720181.0	2405	1600.0	957.0	446.0	cell phone	0.6806258115667754	0.6048073377515216
513	1721271.0	2406	340.0	963.0	497.0	cell phone	0.5403591364477155	0.5184427741929443
514	1724870.0	2407	100.0	550.0	86.0	others		
515	1725170.0	2408	220.0	546.0	116.0	surroundings		
516	1725740.0	2409	240.0	597.0	133.0	surroundings		
517	1726060.0	2410	220.0	817.0	140.0	others		
518	1726320.0	2411	80.0	1126.0	94.0	building		
519	1726920.0	2412	380.0	941.0	431.0	cell phone	0.5487668796132469	0.4716614357739378
520	1727369.0	2413	460.0	902.0	241.0	cell phone	0.5728817806551805	0.1330795413821476
521	1728299.0	2414	1360.0	928.0	222.0	cell phone	0.5961173881646394	0.13210305380705292
522	1729719.0	2415	1200.0	1024.0	230.0	cell phone	0.6757892624274421	0.0597434773394245
523	1731069.0	2416	1460.0	915.0	272.0	cell phone	0.2871625285763565	0.10269934288350753
524	1732108.0	2417	580.0	947.0	263.0	cell phone	0.8710121682147937	0.058471526633893524
525	1732638.0	2418	240.0	903.0	273.0	cell phone	0.7194642266101167	0.048585826179779815
526	1733268.0	2419	980.0	924.0	293.0	cell phone	0.34016283450285395	0.05993284326223128
527	1734268.0	2420	900.0	937.0	316.0	cell phone	0.6602192369468848	0.044508853889088484
528	1735307.0	2421	1100.0	900.0	305.0	cell phone	0.9322207635954072	0.05729047214013527
529	1736427.0	2422	1080.0	904.0	343.0	cell phone	0.7101807530134826	0.06572209062587653
530	1737667.0	2423	1180.0	925.0	298.0	cell phone	0.7049931541884451	0.08554770885020324
531	1738387.0	2424	220.0	913.0	230.0	cell phone	0.4979228113000009	0.13620109118127785
532	1738887.0	2425	540.0	945.0	419.0	cell phone	0.5076637951155405	0.5941329492277247
533	1739546.0	2426	420.0	948.0	199.0	cell phone	0.7164603071780702	0.07222840164418817
534	1740086.0	2427	620.0	839.0	245.0	building		
535	1740786.0	2428	500.0	929.0	295.0	cell phone	0.4942731461497005	0.10957126173472263
536	1742186.0	2429	740.0	947.0	365.0	cell phone	0.5771144278606966	0.5496987951807228
537	1742666.0	2430	140.0	903.0	213.0	cell phone	0.5941916439615279	0.22209362394669546
538	1743546.0	2431	1580.0	918.0	434.0	cell phone	0.6394624493209133	0.5430897459828607
539	1744466.0	2432	220.0	874.0	284.0	cell phone	0.4990366088631985	0.35318559556786705
540	1744775.0	2433	360.0	866.0	190.0	cell phone	0.3665001296593523	0.08344804356604593
541	1745485.0	2434	1020.0	919.0	313.0	cell phone	0.6705384198004226	0.08383602626690961
542	1746195.0	2435	380.0	865.0	338.0	cell phone	0.5954550020650542	0.08055348221633322
543	1747085.0	2436	1120.0	923.0	363.0	cell phone	0.6927452268367015	0.03685612243816035
544	1748804.0	2437	2259.0	905.0	361.0	cell phone	0.5456699474040514	0.11983451902662474
545	1750144.0	2438	340.0	817.0	386.0	cell phone	0.4301484499306976	0.12468967123843162
546	1750574.0	2439	320.0	918.0	362.0	cell phone	0.3080875844798207	0.09890867969907274
547	1751134.0	2440	600.0	971.0	433.0	cell phone	0.4138256184474733	0.3970026157144255
548	1751614.0	2441	320.0	976.0	329.0	cell phone	0.4371518053586064	0.21406121154784666
549	1752494.0	2442	1240.0	937.0	276.0	cell phone	0.6579876085726365	0.0923198339329371
550	1753393.0	2443	400.0	990.0	340.0	cell phone	0.5272077541301378	0.05109191623195066
551	1754403.0	2444	140.0	627.0	102.0	others		
552	1754723.0	2445	300.0	637.0	124.0	surroundings		
553	1755033.0	2446	120.0	711.0	141.0	surroundings		
554	1755293.0	2447	240.0	659.0	128.0	surroundings		
555	1756091.5	2448	620.0	936.0	399.0	cell phone	0.4711246200607903	0.2669902912621359
556	1756523.0	2449	220.0	945.0	435.0	cell phone	0.447116268866336	0.4967441031875615
557	1756832.0	2450	360.0	956.0	471.0	cell phone	0.4168848944674438	0.6132436296418784
558	1757692.0	2451	1300.0	960.0	286.0	cell phone	0.4060606060606061	0.04704097116843703
559	1758562.0	2452	340.0	858.0	363.0	cell phone	0.18800351310330304	0.07599999408825223
560	1758972.0	2453	320.0	978.0	349.0	cell phone	0.4478021978021978	0.12225705329153605
561	1759722.0	2454	620.0	980.0	419.0	cell phone	0.3848314606741573	0.2732919254658385
562	1760282.0	2455	460.0	935.0	421.0	cell phone	0.3545706371191136	0.4830769230769231
563	1761651.0	2456	2239.0	890.0	352.0	others		
564	1763481.0	2457	1380.0	905.0	474.0	cell phone	0.451424209047229	0.6386803066397975
565	1765140.0	2458	1860.0	885.0	344.0	cell phone	0.4970394145875172	0.38702016119647065
566	1766480.0	2459	540.0	817.0	324.0	cell phone	0.26555539180626353	0.3455696920041997
567	1767940.0	2460	2280.0	955.0	397.0	cell phone	0.3661750451350383	0.42996467428519625
568	1769209.0	2461	80.0	951.0	367.0	cell phone	0.3775510204081632	0.4284023668639053
569	1769699.0	2462	740.0	911.0	332.0	cell phone	0.4664659118962506	0.4076242650106859
570	1770299.0	2463	420.0	928.0	509.0	cell phone	0.4064977723837382	0.6413901572166119
571	1771379.0	2464	1700.0	904.0	393.0	cell phone	0.4308510638297872	0.5429362880886427
572	1772539.0	2465	540.0	887.0	204.0	cell phone	0.3911620294599018	0.14166666666666666
573	1773088.0	2466	240.0	938.0	442.0	cell phone	0.3141063265822566	0.5728624751287644
574	1773378.0	2467	300.0	946.0	512.0	cell phone	0.400398406374502	0.6929460580912863
575	1773668.0	2468	240.0	1006.0	480.0	cell phone	0.4912280529947802	0.6708022932854918
576	1774008.0	2469	360.0	941.0	266.0	cell phone	0.4802725350158631	0.3408403393119112
577	1774348.0	2470	280.0	933.0	422.0	cell phone	0.4047960954513727	0.5288067491961151
578	1775578.0	2471	1680.0	917.0	312.0	cell phone	0.4461235856242526	0.3228019935365469
579	1777277.0	2472	360.0	966.0	408.0	cell phone	0.453956969922392	0.16808712625005534
580	1777767.0	2473	480.0	916.0	352.0	cell phone	0.3473193473193473	0.15629522431259044
581	1778237.0	2474	140.0	940.0	376.0	cell phone	0.3193669867692374	0.1695512345468976
582	1778367.0	2475	80.0	952.0	365.0	cell phone	0.3725	0.14098837209302326
583	1779377.0	2476	1780.0	914.0	365.0	cell phone	0.400157726972332	0.16564796613218685
584	1781396.0	2477	2059.0	915.0	421.0	cell phone	0.2824281174274326	0.5823980958722066
585	1782526.0	2478	160.0	858.0	420.0	cell phone	0.25182700292275706	0.5671949457816277
586	1782796.0	2479	340.0	967.0	395.0	cell phone	0.5108192256592518	0.5256904186927291
587	1783376.0	2480	780.0	894.0	407.0	cell phone	0.3189051312743185	0.5435736013650632
588	1783946.0	2481	320.0	907.0	372.0	cell phone	0.32905931374907665	0.4818763382673018
589	1784256.0	2482	260.0	963.0	336.0	cell phone	0.4515535165051026	0.4255467157480349
590	1784876.0	2483	900.0	913.0	396.0	cell phone	0.35955023159768185	0.5048506895856335
591	1785885.0	2484	1020.0	924.0	501.0	cell phone	0.3164970947717141	0.6930783941485528
592	1786755.0	2485	100.0	870.0	64.0	building		
593	1787205.0	2486	300.0	700.0	152.0	building		
594	1787595.0	2487	180.0	654.0	146.0	building		
595	1787785.0	2488	160.0	562.0	113.0	building		
596	1788065.0	2489	360.0	676.0	71.0	building		
597	1788395.0	2490	100.0	804.0	82.0	building		
598	1789065.0	2491	560.0	912.0	422.0	cell phone	0.4838391532731253	0.406655686548083
599	1789544.0	2492	200.0	894.0	287.0	cell phone	0.4209848135252605	0.18746438192054668
600	1790074.0	2493	700.0	890.0	301.0	cell phone	0.3203535884883814	0.1603493532256897
601	1791024.0	2494	1040.0	907.0	394.0	cell phone	0.27226601278377194	0.4817953507795383
602	1791774.0	2495	380.0	908.0	242.0	cell phone	0.3379650416734989	0.2613631677455004
603	1792574.0	2496	1020.0	908.0	377.0	cell phone	0.4691838779713341	0.2641613239939717
604	1797383.0	2497	860.0	1001.0	417.0	cell phone	0.31597508843699	0.4037003490307433
605	1798212.0	2498	740.0	980.0	308.0	surroundings		
606	1798892.0	2499	380.0	960.0	410.0	cell phone	0.4726891243473876	0.3662221170220676
607	1799622.0	2500	160.0	717.0	191.0	others		
608	1800062.0	2501	640.0	687.0	186.0	surroundings		
609	1800582.0	2502	120.0	844.0	62.0	building		
610	1803881.0	2503	1280.0	948.0	325.0	cell phone	0.3475984923118532	0.4766014255101594
611	1804611.0	2504	100.0	997.0	101.0	cell phone	0.4787436973876096	0.09092440835648573
612	1804871.0	2505	260.0	955.0	180.0	cell phone	0.4243040188200356	0.022742698650160053
613	1805291.0	2506	540.0	917.0	254.0	surroundings		
614	1806070.0	2507	560.0	989.0	456.0	cell phone	0.3997556187645255	0.6147326348426392
615	1806500.0	2508	160.0	937.0	370.0	cell phone	0.34074384474833297	0.3747193414483936
616	1806720.0	2509	240.0	903.0	516.0	cell phone	0.2786937506065477	0.5216415887789763
617	1807110.0	2510	480.0	957.0	354.0	cell phone	0.37886841056068	0.4595697961178994
618	1808070.0	2511	1380.0	943.0	403.0	cell phone	0.37675379743955295	0.3446289108779541
619	1808860.0	2512	160.0	934.0	494.0	cell phone	0.3376958362722193	0.6040118576742066
620	1809240.0	2513	560.0	987.0	479.0	cell phone	0.4868342196486418	0.6877451073562427
621	1809680.0	2514	280.0	880.0	437.0	cell phone	0.17540819315390654	0.6549442733142391
622	1810129.0	2515	580.0	928.0	307.0	cell phone	0.3578336065237726	0.4119923438744493
623	1810609.0	2516	260.0	925.0	323.0	cell phone	0.4281691860800586	0.42224039365431865
624	1810859.0	2517	200.0	857.0	191.0	cell phone	0.3308575239829205	0.17976496865899871
625	1811189.0	2518	420.0	898.0	216.0	cell phone	0.3411085380644737	0.16814005071425833
626	1811859.0	2519	840.0	945.0	394.0	cell phone	0.4555462573515597	0.4903104912186191
627	1812969.0	2520	1340.0	899.0	325.0	cell phone	0.3637975468949112	0.2752011915924252
628	1814558.0	2521	1680.0	953.0	475.0	cell phone	0.5190510750745781	0.5969997362526245
629	1815958.0	2522	820.0	896.0	244.0	cell phone	0.3056089452868885	0.06470688568090098
630	1816618.0	2523	360.0	1015.0	461.0	cell phone	0.7493034818023289	0.4682751710256928
631	1817038.0	2524	240.0	943.0	353.0	cell phone	0.6265762883365618	0.3298372618084967
632	1817338.0	2525	340.0	905.0	446.0	cell phone	0.5146799588151736	0.4919762381873062
633	1817797.0	2526	440.0	841.0	303.0	cell phone	0.25227993462058834	0.2191046071573316
634	1818157.0	2527	240.0	851.0	250.0	cell phone	0.230470719664454	0.08769480626084572
635	1818947.0	2528	1180.0	945.0	429.0	cell phone	0.6585259998262198	0.5288274125031242
636	1819887.0	2529	460.0	893.0	302.0	cell phone	0.3661957208343105	0.2428579694248321
637	1820467.0	2530	660.0	930.0	414.0	cell phone	0.4559782046705482	0.4200042649067191
638	1821137.0	2531	520.0	893.0	284.0	cell phone	0.5006066513380724	0.06964880815208106
639	1821857.0	2532	800.0	952.0	477.0	cell phone	0.6772424830605602	0.5529624945448793
640	1823406.0	2533	1980.0	939.0	463.0	cell phone	0.6092776207289825	0.5114463068507891
641	1824676.0	2534	360.0	923.0	330.0	cell phone	0.5173988224900441	0.2707996231352147
642	1825086.0	2535	420.0	870.0	263.0	surroundings		
643	1825636.0	2536	560.0	930.0	363.0	cell phone	0.5132694664040036	0.08269317994383163
644	1826215.0	2537	540.0	913.0	403.0	cell phone	0.4688139427867032	0.30403122694099705
645	1826735.0	2538	480.0	900.0	328.0	cell phone	0.4689244351939085	0.05628718714655859
646	1827545.0	2539	920.0	934.0	397.0	cell phone	0.5236583201515245	0.2865858703608625
647	1828525.0	2540	900.0	869.0	360.0	surroundings		
648	1829645.0	2541	820.0	965.0	473.0	cell phone	0.4791154791154792	0.5940740740740741
649	1830204.0	2542	260.0	953.0	285.0	cell phone	0.5015628234794851	0.3250364543636868
650	1830444.0	2543	180.0	884.0	379.0	cell phone	0.2485316115463359	0.36931417151930895
651	1830944.0	2544	620.0	920.0	385.0	cell phone	0.4940874795461857	0.00857021782613557
652	1831584.0	2545	100.0	1044.0	23.0	building		
653	1835023.0	2546	340.0	987.0	664.0	cell phone	0.5188850159777696	0.421648507584169
654	1835393.0	2547	80.0	1178.0	888.0	cell phone	0.9815668202764976	0.6087912087912087
655	1835513.0	2548	120.0	1079.0	837.0	cell phone	0.7075471698113207	0.5265486725663717
656	1835733.0	2549	80.0	857.0	763.0	cell phone	0.3052391799544419	0.3847780126849895
657	1835873.0	2550	160.0	970.0	792.0	cell phone	0.4870885289059732	0.3727546550201522
658	1838302.0	2551	500.0	932.0	426.0	cell phone	0.5485232067510548	0.507959479015919
659	1838892.0	2552	480.0	914.0	202.0	surroundings		
660	1839972.0	2553	1600.0	906.0	379.0	cell phone	0.4696709799594816	0.5728716186221805
661	1842341.0	2554	2979.0	921.0	393.0	cell phone	0.5609963175670187	0.4476712100590433
662	1844351.0	2555	800.0	935.0	378.0	cell phone	0.7502519243350729	0.4173166174752693
663	1844951.0	2556	360.0	885.0	352.0	cell phone	0.5496859578647616	0.39999221320595263
664	1845641.0	2557	900.0	930.0	415.0	cell phone	0.5821129109893861	0.4672195127411905
665	1846201.0	2558	180.0	939.0	481.0	cell phone	0.5542361620186262	0.5761734697056742
666	1846831.0	2559	940.0	947.0	421.0	cell phone	0.5956284153005464	0.4382911392405063
667	1847500.0	2560	360.0	886.0	400.0	cell phone	0.3937808782963363	0.36858633967518223
668	1847920.0	2561	420.0	955.0	448.0	cell phone	0.6012337973092441	0.4974747286613954
669	1848740.0	2562	820.0	967.0	405.0	cell phone	0.6919060052219321	0.3960396039603961
670	1849540.0	2563	740.0	918.0	392.0	cell phone	0.5240838392211885	0.3467618466748737
671	1850170.0	2564	320.0	928.0	437.0	cell phone	0.4692349436539621	0.3838764276541264
672	1850820.0	2565	940.0	931.0	411.0	cell phone	0.4495663561820743	0.5217730325991039
673	1851649.0	2566	520.0	975.0	451.0	cell phone	0.6443194918531526	0.4905592254094039
674	1852059.0	2567	260.0	949.0	513.0	cell phone	0.5829928914125208	0.5902800015366564
675	1852989.0	2568	1360.0	955.0	406.0	cell phone	0.5935224576486964	0.4007568320293982
676	1854049.0	2569	480.0	939.0	377.0	cell phone	0.6373278828728881	0.4656413242168858
677	1854369.0	2570	120.0	894.0	280.0	cell phone	0.5070083498866921	0.2980464363288436
678	1854769.0	2571	600.0	845.0	171.0	surroundings		
679	1855318.0	2572	340.0	966.0	434.0	cell phone	0.7045727484605515	0.4418343333625511
680	1857198.0	2573	140.0	1074.0	534.0	surroundings		
681	1858258.0	2574	140.0	906.0	690.0	cell phone	0.3771198997924452	0.4855648732911126
682	1858548.0	2575	400.0	922.0	528.0	cell phone	0.4836064998790702	0.09166689389006197
683	1859298.0	2576	1060.0	953.0	270.0	cell phone	0.3648182109783982	0.002770487708495163
684	1860437.0	2577	1180.0	953.0	336.0	surroundings		
685	1861257.0	2578	300.0	943.0	427.0	cell phone	0.4437698022867587	0.3165134319545575
686	1863486.0	2579	80.0	1354.0	56.0	building		
687	1866226.0	2580	320.0	930.0	396.0	cell phone	0.6894199767575262	0.40098874599281015
688	1866526.0	2581	260.0	884.0	342.0	cell phone	0.2621966888146544	0.15508958729416208
689	1869745.0	2582	80.0	899.0	569.0	cell phone	0.7393413197240291	0.4177272679324234
690	1870585.0	2583	1560.0	947.0	309.0	cell phone	0.35663145144508707	0.17315560925655854
691	1872284.0	2584	1800.0	955.0	355.0	cell phone	0.3434796988434577	0.05136926586177496
692	1874004.0	2585	1600.0	980.0	338.0	cell phone	0.4519152378351893	0.07864048435263786
693	1875664.0	2586	1660.0	956.0	392.0	cell phone	0.32322066998297266	0.09118229471326307
694	1876573.0	2587	140.0	935.0	432.0	others		
695	1877083.0	2588	200.0	682.0	93.0	building		
696	1877403.0	2589	80.0	1010.0	476.0	cell phone	0.2407157380883873	0.18586760659737034
697	1877743.0	2590	580.0	959.0	299.0	cell phone	0.4899327353795286	0.0704805510281302
698	1878583.0	2591	1040.0	886.0	281.0	cell phone	0.2443499219955123	0.06947340434017499
699	1880382.0	2592	280.0	1787.0	26.0	surroundings		
700	1881042.0	2593	240.0	1179.0	100.0	surroundings		
701	1881222.0	2594	80.0	1306.0	21.0	surroundings		
702	1881472.0	2595	140.0	1686.0	158.0	surroundings		
703	1881912.0	2596	180.0	916.0	585.0	cell phone	0.4651576409334277	0.19465015997774515
704	1882242.0	2597	240.0	1596.0	198.0	surroundings		
705	1882662.0	2598	80.0	479.0	341.0	building		
706	1882792.0	2599	140.0	682.0	297.0	building		
707	1882972.0	2600	140.0	928.0	439.0	cell phone	0.07980885782518574	0.2676311731921561
708	1883422.0	2601	720.0	976.0	319.0	cell phone	0.21664158959438928	0.12804699990340468
709	1884061.0	2602	520.0	962.0	374.0	cell phone	0.6004176087461746	0.1732858757940357
710	1884701.0	2603	80.0	1174.0	171.0	building		
711	1885381.0	2604	120.0	1316.0	177.0	surroundings		
712	1885521.0	2605	120.0	1093.0	211.0	surroundings		
713	1885891.0	2606	260.0	832.0	121.0	building		
714	1886101.0	2607	80.0	938.0	155.0	building		
715	1886261.0	2608	80.0	903.0	165.0	building		
716	1887531.0	2609	160.0	766.0	193.0	building		
717	1887781.0	2610	240.0	1013.0	217.0	building		
718	1888251.0	2611	140.0	985.0	451.0	cell phone	0.4227129337539432	0.32358003442340794
719	1888860.0	2612	1000.0	929.0	223.0	building		
720	1889880.0	2613	1000.0	918.0	253.0	cell phone	0.3912435247001885	0.06877562530032201
721	1891000.0	2614	1200.0	868.0	277.0	cell phone	0.13522795426743933	0.04032444104649571
722	1891770.0	2615	300.0	968.0	284.0	cell phone	0.6468950209222467	0.03162036352049891
723	1892350.0	2616	820.0	910.0	307.0	cell phone	0.3415870970308155	0.07515899230750403
724	1894239.0	2617	2479.0	909.0	322.0	cell phone	0.30975011959754034	0.3901332808479739
725	1895729.0	2618	460.0	934.0	163.0	cell phone	0.4081627531285522	0.06262808419091302
726	1896349.0	2619	600.0	935.0	510.0	cell phone	0.2767826879112509	0.7586740881990375
727	1896978.0	2620	520.0	964.0	220.0	cell phone	0.4703439942587165	0.09142168168743713
728	1897868.0	2621	1240.0	882.0	244.0	cell phone	0.18411267858266134	0.033404389641171754
729	1903967.0	2622	140.0	1351.0	261.0	building		
730	1904537.0	2623	160.0	701.0	322.0	surroundings		
731	1904707.0	2624	140.0	877.0	284.0	surroundings		
732	1904906.0	2625	180.0	1006.0	231.0	surroundings		
733	1905756.0	2626	200.0	1201.0	156.0	building		
734	1913844.0	2627	140.0	1076.0	499.0	cell phone	0.8206868111053359	0.14189258520837753
735	1914954.0	2628	160.0	1067.0	117.0	surroundings		
736	1915304.0	2629	100.0	983.0	165.0	surroundings		
737	1915734.0	2630	400.0	1036.0	337.0	surroundings		
738	1916154.0	2631	400.0	864.0	351.0	cell phone	0.38253298259913704	0.3966265538754543
739	1916504.0	2632	240.0	877.0	362.0	cell phone	0.24120625891046424	0.4651364111356791
740	1917003.0	2633	580.0	936.0	252.0	surroundings		
741	1917403.0	2634	180.0	920.0	164.0	cell phone	0.27286047591216805	0.05217464355854099
742	1917683.0	2635	320.0	950.0	363.0	cell phone	0.4453803495224812	0.4192240591623552
743	1917963.0	2636	180.0	892.0	464.0	cell phone	0.41094429995501297	0.6913852274703962
744	1918393.0	2637	640.0	904.0	422.0	cell phone	0.3923699856801431	0.6298219721889741
745	1918923.0	2638	340.0	906.0	308.0	cell phone	0.3774214472903864	0.4402295008737234
746	1919223.0	2639	140.0	920.0	257.0	cell phone	0.33168905751624544	0.3349255578613859
747	1919423.0	2640	180.0	921.0	388.0	cell phone	0.4295876742980983	0.5340820990983438
748	1919793.0	2641	520.0	801.0	379.0	cell phone	0.2446315687216503	0.4984000127504722
749	1920953.0	2642	200.0	910.0	399.0	cell phone	0.32113240411873023	0.4369592772598693
750	1921122.0	2643	100.0	934.0	316.0	cell phone	0.5316896382277132	0.30429084328507233
751	1921862.0	2644	140.0	908.0	364.0	cell phone	0.4669387546362243	0.3702620338107343
752	1926171.0	2645	80.0	1074.0	462.0	cell phone	0.8746081504702194	0.6142208774583964
753	1926281.0	2646	100.0	1090.0	460.0	cell phone	0.8088235294117647	0.643609022556391
754	1928051.0	2647	120.0	1062.0	405.0	cell phone	0.7718290781867759	0.5766907984471956
755	1928351.0	2648	80.0	1022.0	375.0	cell phone	0.7837837837837838	0.5098634294385432
756	1928951.0	2649	200.0	1030.0	363.0	cell phone	0.6925	0.4815361890694239
757	1929171.0	2650	200.0	1017.0	447.0	cell phone	0.7173913043478259	0.606015037593985
758	1929560.0	2651	300.0	1039.0	408.0	cell phone	0.7603686635944701	0.5513595166163142
759	1930220.0	2652	140.0	907.0	273.0	cell phone	0.3263157894736842	0.315946348733234
760	1930450.0	2653	200.0	1062.0	424.0	cell phone	0.7617924528301887	0.5373352855051244
761	1930690.0	2654	240.0	1090.0	406.0	cell phone	0.8426395939086294	0.5
762	1931050.0	2655	80.0	971.0	377.0	cell phone	0.5800615380432351	0.465050507811189
763	1931440.0	2656	580.0	924.0	338.0	cell phone	0.4459664023428096	0.39744953940849775
764	1932330.0	2657	1000.0	930.0	343.0	cell phone	0.4678911239991621	0.3737256535704107
765	1932920.0	2658	100.0	877.0	195.0	cell phone	0.3770121817523108	0.0527035439961202
766	1933090.0	2659	200.0	901.0	226.0	cell phone	0.4289156626506024	0.0336
767	1933409.0	2660	400.0	894.0	302.0	cell phone	0.3202247191011236	0.10483870967741936
768	1933759.0	2661	220.0	948.0	481.0	cell phone	0.6173860397316	0.4679689037710414
769	1934539.0	2662	1100.0	975.0	412.0	cell phone	0.6218274111675127	0.5353846153846153
770	1935269.0	2663	120.0	950.0	400.0	cell phone	0.6988348830472313	0.5537848779209864
771	1935909.0	2664	360.0	947.0	442.0	cell phone	0.6618711103511035	0.6299737364696436
772	1936379.0	2665	260.0	986.0	457.0	cell phone	0.6631853785900783	0.6498470948012233
773	1937338.0	2666	920.0	1007.0	442.0	cell phone	0.8214783718375107	0.6276526901875927
774	1937898.0	2667	180.0	898.0	408.0	cell phone	0.515727637907599	0.5791240510623984
775	1938418.0	2668	740.0	923.0	361.0	cell phone	0.5426749013171325	0.5054203480040226
776	1939428.0	2669	1120.0	930.0	375.0	cell phone	0.6358490566037736	0.4827586206896552
777	1940898.0	2670	1660.0	956.0	281.0	cell phone	0.4571428571428571	0.03414634146341464
778	1942307.0	2671	720.0	889.0	291.0	surroundings		
779	1942927.0	2672	280.0	948.0	354.0	cell phone	0.5305536888697874	0.3120856309115509
780	1943347.0	2673	440.0	915.0	297.0	cell phone	0.4690265486725664	0.3236196319018405
781	1944117.0	2674	900.0	919.0	463.0	cell phone	0.4075949367088608	0.6012364760432767
782	1944857.0	2675	140.0	970.0	368.0	cell phone	0.44733807857814106	0.3972670739442928
783	1945077.0	2676	260.0	1057.0	326.0	cell phone	0.8110456165689535	0.2952998751452455
784	1945676.0	2677	900.0	934.0	321.0	cell phone	0.5023205420459813	0.22976293222933936
785	1946306.0	2678	320.0	934.0	439.0	cell phone	0.4801965295517812	0.4981731424113549
786	1946586.0	2679	160.0	861.0	233.0	cell phone	0.3032643365930163	0.15417707545855713
787	1946786.0	2680	220.0	823.0	201.0	cell phone	0.3624414854218437	0.10106600092666417
788	1947236.0	2681	340.0	962.0	439.0	surroundings		
789	1947695.0	2682	540.0	1026.0	472.0	cell phone	0.7492163009404389	0.634584013050571
790	1948346.0	2683	520.0	903.0	265.0	cell phone	0.2861176687042553	0.14496799863497808
791	1948786.0	2684	280.0	967.0	411.0	cell phone	0.6794446508251069	0.35399351237629706
792	1954584.0	2685	80.0	1033.0	600.0	cell phone	0.5365503237979475	0.5491974697456583
793	1954874.0	2686	460.0	1010.0	412.0	cell phone	0.5875764415308238	0.3950770401984103
794	1955214.0	2687	140.0	848.0	227.0	cell phone	0.16318488134253634	0.13808821052359474
795	1958083.0	2688	1380.0	954.0	391.0	cell phone	0.6849981081083453	0.47003771330245897
796	1959123.0	2689	560.0	929.0	373.0	cell phone	0.5996506172821979	0.4449223118231837
797	1959823.0	2690	680.0	921.0	356.0	cell phone	0.6345889793155172	0.3775036281058298
798	1960243.0	2691	120.0	936.0	324.0	cell phone	0.7042816442189089	0.31359481683739565
799	1960573.0	2692	180.0	913.0	319.0	cell phone	0.4568209136295836	0.1929081290614351
800	1960953.0	2693	540.0	893.0	329.0	cell phone	0.28564419535047825	0.21848543945080934
801	1961403.0	2694	240.0	993.0	443.0	cell phone	0.7902125040190067	0.5753980161393716
802	1961802.5	2695	360.0	877.0	262.0	cell phone	0.24584717607973425	0.11945392491467575
803	1962272.0	2696	340.0	937.0	236.0	surroundings		
804	1962532.0	2697	100.0	952.0	446.0	cell phone	0.4700121128442234	0.3088435970194924
805	1962862.0	2698	200.0	951.0	475.0	cell phone	0.5454181012835291	0.33090796865291183
806	1963552.0	2699	1140.0	908.0	454.0	cell phone	0.3865814696485623	0.61082910321489
807	1964542.0	2700	800.0	936.0	382.0	cell phone	0.3435112655960571	0.5381750043110823
808	1965182.0	2701	80.0	613.0	564.0	surroundings		
809	1965602.0	2702	120.0	1101.0	314.0	surroundings		
810	1969671.0	2703	420.0	838.0	331.0	cell phone	0.2258024008740719	0.26484693967671746
811	1970241.0	2704	640.0	961.0	352.0	cell phone	0.6627906976744186	0.5933682373472949
812	1970691.0	2705	220.0	842.0	382.0	cell phone	0.22859213285252106	0.6034616997049801
813	1971270.0	2706	900.0	999.0	340.0	cell phone	0.8267583517223729	0.5329564090285334
814	1971870.0	2707	260.0	807.0	347.0	cell phone	0.2769519396380645	0.5216410273591446
815	1972190.0	2708	340.0	908.0	464.0	cell phone	0.6099098609891683	0.6719016689117862
816	1973630.0	2709	620.0	977.0	359.0	cell phone	0.6215455706961965	0.6195150317887627
817	1974140.0	2710	360.0	847.0	338.0	cell phone	0.37305096119025577	0.5331951720004823
818	1974630.0	2711	580.0	874.0	202.0	cell phone	0.2641509433962264	0.21857142857142856
819	1975109.0	2712	340.0	1009.0	312.0	cell phone	0.7851316960972158	0.3196399303308489
820	1975729.0	2713	660.0	918.0	335.0	cell phone	0.5410212240404322	0.3285622033649635
821	1976359.0	2714	560.0	828.0	224.0	cell phone	0.2211515332812099	0.0924667065956518
822	1977519.0	2715	1480.0	905.0	424.0	cell phone	0.5433979161129514	0.7280830980684373
823	1978369.0	2716	180.0	970.0	431.0	cell phone	0.7532852140178744	0.4917438361160649
824	1978749.0	2717	500.0	789.0	246.0	cell phone	0.06111383698481744	0.0472799231449642
825	1979408.0	2718	700.0	974.0	441.0	cell phone	0.7243298710592591	0.5346095468693185
826	1981148.0	2719	2739.0	889.0	469.0	cell phone	0.5520496399037049	0.513974584414343
827	1982808.0	2720	460.0	795.0	261.0	cell phone	0.3237121858768543	0.032268510596664614
828	1983727.0	2721	1260.0	907.0	476.0	cell phone	0.6647024110316195	0.6004771323043777
829	1984867.0	2722	700.0	876.0	497.0	cell phone	0.5752647505567958	0.5712661799802486
830	1986327.0	2723	2159.0	859.0	482.0	cell phone	0.4701912144382246	0.5524587758303049
831	1987666.0	2724	300.0	893.0	251.0	cell phone	0.7242389069690205	0.07949325768130673
832	1988176.0	2725	440.0	974.0	551.0	cell phone	0.7507708069463562	0.6696226956720326
833	1989036.0	2726	480.0	1043.0	416.0	cell phone	0.6711455593883757	0.0338559309234452
834	1989786.0	2727	180.0	1023.0	401.0	cell phone	0.8268691150616785	0.4937949682226342
835	1990286.0	2728	780.0	898.0	263.0	cell phone	0.8143435826505054	0.0638736705883641
836	1990955.5	2729	440.0	948.0	480.0	cell phone	0.7790718930392873	0.7048528478538071
837	1992515.0	2730	2639.0	920.0	426.0	cell phone	0.7286973832857299	0.503842369578486
838	1993985.0	2731	260.0	846.0	526.0	cell phone	0.3475598062785871	0.6060054617669242
839	1994335.0	2732	360.0	797.0	231.0	cell phone	0.1558177614470585	0.09102950413912096
840	1995504.0	2733	1700.0	918.0	474.0	cell phone	0.6333424661105799	0.7010412625800652
841	1996704.0	2734	640.0	881.0	513.0	cell phone	0.5795986513128386	0.5855686198414842
842	1997344.0	2735	540.0	811.0	248.0	cell phone	0.4130051063553685	0.11112390252907683
843	1997734.0	2736	120.0	846.0	278.0	cell phone	0.44895419632618605	0.17915743212695612
844	1998274.0	2737	900.0	877.0	446.0	cell phone	0.5205269634471466	0.5579215630799065
845	1998844.0	2738	180.0	962.0	450.0	cell phone	0.7765893675221412	0.6415840296735432
846	1999953.0	2739	2000.0	882.0	491.0	cell phone	0.4807270195329458	0.6434576371478545
847	2001513.0	2740	1080.0	844.0	503.0	cell phone	0.40940889413469855	0.5788086126673581
848	2002343.0	2741	500.0	888.0	270.0	cell phone	0.7041917266470631	0.11992598892688235
849	2002973.0	2742	400.0	877.0	496.0	cell phone	0.30740332094095923	0.7428382970179049
850	2003283.0	2743	180.0	948.0	405.0	cell phone	0.5936289556605243	0.5978533609705962
851	2003942.0	2744	1100.0	906.0	475.0	cell phone	0.6213198163139033	0.6092467169991518
852	2004802.0	2745	580.0	924.0	423.0	cell phone	0.5526707678726247	0.6014259612676046
853	2005272.0	2746	320.0	960.0	404.0	cell phone	0.7521114864864865	0.5707628473194303
854	2005682.0	2747	460.0	854.0	455.0	cell phone	0.4593441293756939	0.6033263137833523
855	2006312.0	2748	760.0	940.0	444.0	cell phone	0.7337510327946918	0.5503767371131277
856	2007152.0	2749	900.0	897.0	484.0	cell phone	0.5302209522476485	0.5889787078104558
857	2008031.0	2750	820.0	869.0	462.0	cell phone	0.5219925875102187	0.5383321385743586
858	2008531.0	2751	120.0	965.0	451.0	cell phone	0.6871041582138261	0.5012505085818966
859	2009131.0	2752	840.0	861.0	274.0	cell phone	0.28088747873450937	0.10434577736044544
860	2009861.0	2753	580.0	951.0	306.0	cell phone	0.7626917335157875	0.07019580214358634
861	2010701.0	2754	1020.0	897.0	343.0	cell phone	0.3371484960840949	0.09756596257087184
862	2011471.0	2755	280.0	909.0	442.0	cell phone	0.5240838931674006	0.4371213071241964
863	2012220.0	2756	1140.0	827.0	222.0	surroundings		
864	2013330.0	2757	480.0	904.0	399.0	cell phone	0.3700377626466903	0.32808454493713896
865	2013800.0	2758	260.0	927.0	367.0	cell phone	0.3987443756221918	0.3782342851102645
866	2015710.0	2759	3499.0	881.0	406.0	cell phone	0.4392374677927097	0.5649363796568305
867	2017809.0	2760	620.0	812.0	275.0	surroundings		
868	2018539.0	2761	180.0	1017.0	104.0	surroundings		
869	2018919.0	2762	420.0	949.0	208.0	surroundings		
870	2019259.0	2763	220.0	1009.0	217.0	surroundings		
871	2020299.0	2764	1100.0	944.0	380.0	cell phone	0.4660854725037911	0.4485124838421176
872	2021698.0	2765	460.0	701.0	173.0	surroundings		
873	2022078.0	2766	100.0	693.0	226.0	surroundings		
874	2022298.0	2767	260.0	701.0	157.0	surroundings		
875	2022568.0	2768	120.0	1181.0	271.0	building		
876	2022878.0	2769	300.0	1008.0	332.0	surroundings		
877	2023808.0	2770	80.0	1835.0	157.0	surroundings		
878	2023938.0	2771	100.0	1860.0	125.0	building		
879	2024597.0	2772	140.0	913.0	47.0	surroundings		
880	2025117.0	2773	500.0	724.0	153.0	surroundings		
881	2025967.0	2774	120.0	775.0	325.0	others		
882	2026207.0	2775	160.0	1043.0	290.0	surroundings		
883	2026437.0	2776	100.0	990.0	250.0	building		
884	2026597.0	2777	100.0	952.0	246.0	building		
885	2026837.0	2778	140.0	1239.0	105.0	building		
886	2027177.0	2779	100.0	1203.0	82.0	building		
887	2027337.0	2780	180.0	1120.0	50.0	surroundings		
888	2027717.0	2781	140.0	695.0	136.0	building		
889	2027907.0	2782	180.0	581.0	178.0	others		
890	2028127.0	2783	160.0	947.0	206.0	building		
891	2028287.0	2784	120.0	1043.0	198.0	building		
892	2028556.0	2785	220.0	1075.0	185.0	building		
893	2029336.0	2786	260.0	609.0	83.0	building		
894	2029616.0	2787	100.0	345.0	36.0	building		
895	2029826.0	2788	80.0	1221.0	45.0	building		
896	2029926.0	2789	80.0	1115.0	123.0	building		
897	2030126.0	2790	240.0	1233.0	195.0	building		
898	2030556.0	2791	340.0	1245.0	177.0	building		
899	2030816.0	2792	140.0	1093.0	222.0	building		
900	2031016.0	2793	140.0	644.0	259.0	building		
901	2031426.0	2794	480.0	702.0	206.0	building		
902	2031966.0	2795	80.0	948.0	662.0	cell phone	0.5974023373600768	0.3311686870148252
903	2032066.0	2796	80.0	878.0	628.0	cell phone	0.4692225314463264	0.31653163324317096
904	2032226.0	2797	160.0	925.0	413.0	cell phone	0.25335189824388943	0.003917389319753705
905	2032675.0	2798	220.0	946.0	110.0	building		
906	2033035.0	2799	300.0	944.0	182.0	building		
907	2034445.0	2800	160.0	617.0	89.0	building		
908	2034895.0	2801	100.0	1322.0	132.0	building		
909	2035045.0	2802	80.0	1232.0	216.0	building		
910	2035415.0	2803	100.0	1170.0	166.0	building		
911	2035785.0	2804	120.0	625.0	118.0	building		
912	2036425.0	2805	360.0	758.0	218.0	building		
913	2036924.0	2806	420.0	755.0	186.0	building		
914	2037804.0	2807	320.0	1114.0	342.0	surroundings		
915	2038734.0	2808	660.0	686.0	193.0	building		
916	2039884.0	2809	240.0	1069.0	96.0	surroundings		
917	2040124.0	2810	160.0	992.0	129.0	surroundings		
918	2040314.0	2811	140.0	968.0	363.0	building		
919	2040634.0	2812	420.0	946.0	260.0	building		
920	2041023.0	2813	240.0	887.0	74.0	building		
921	2041363.0	2814	360.0	857.0	263.0	building		
922	2041863.0	2815	80.0	753.0	16.0	building		
923	2042063.0	2816	200.0	1263.0	384.0	surroundings		
924	2042373.0	2817	100.0	1255.0	114.0	building		
925	2042603.0	2818	120.0	1304.0	130.0	building		
926	2042743.0	2819	120.0	1346.0	58.0	building		
927	2043143.0	2820	240.0	756.0	101.0	building		
928	2043423.0	2821	200.0	1119.0	142.0	building		
929	2043713.0	2822	100.0	1147.0	390.0	surroundings		
930	2043983.0	2823	240.0	1121.0	392.0	surroundings		
931	2044173.0	2824	100.0	1076.0	361.0	surroundings		
932	2044323.0	2825	160.0	1176.0	324.0	surroundings		
933	2044593.0	2826	300.0	1114.0	197.0	surroundings		
934	2044982.0	2827	80.0	846.0	54.0	building		
935	2045122.0	2828	80.0	898.0	6.0	building		
936	2045402.0	2829	120.0	810.0	43.0	others		
937	2045602.0	2830	120.0	697.0	83.0	building		
938	2045802.0	2831	120.0	783.0	76.0	building		
939	2046222.0	2832	120.0	565.0	20.0	building		
940	2046562.0	2833	80.0	394.0	41.0	building		
941	2047012.0	2834	240.0	696.0	129.0	building		
942	2047312.0	2835	260.0	1101.0	58.0	building		
943	2048162.0	2836	80.0	1533.0	641.0	surroundings		
944	2048572.0	2837	100.0	1006.0	26.0	building		
945	2048972.0	2838	140.0	777.0	55.0	building		
946	2049411.0	2839	100.0	1211.0	539.0	surroundings		
947	2049751.0	2840	500.0	1131.0	379.0	surroundings		
948	2050401.0	2841	80.0	836.0	16.0	building		
949	2050681.0	2842	80.0	626.0	150.0	building		
950	2050811.0	2843	100.0	549.0	187.0	building		
951	2051561.0	2844	240.0	209.0	265.0	surroundings		
952	2052231.0	2845	180.0	1365.0	45.0	building		
953	2053410.0	2846	140.0	1092.0	288.0	building		
954	2053610.0	2847	100.0	1268.0	144.0	building		
955	2055200.0	2848	160.0	1075.0	236.0	building		
956	2055730.0	2849	180.0	815.0	52.0	building		
957	2055960.0	2850	80.0	519.0	180.0	building		
958	2056200.0	2851	160.0	402.0	63.0	building		
959	2056880.0	2852	460.0	329.0	235.0	surroundings		
960	2057959.0	2853	260.0	950.0	85.0	building		
961	2058379.0	2854	160.0	1362.0	587.0	others		
962	2058849.0	2855	260.0	1340.0	706.0	surroundings		
963	2059499.0	2856	120.0	804.0	146.0	building		
964	2059749.0	2857	340.0	914.0	191.0	building		
965	2060599.0	2858	160.0	990.0	167.0	others		
966	2061399.0	2859	520.0	891.0	193.0	surroundings		
967	2061838.0	2860	320.0	862.0	80.0	building		
968	2062078.0	2861	80.0	665.0	126.0	others		
969	2062318.0	2862	360.0	774.0	69.0	building		
970	2062698.0	2863	320.0	632.0	152.0	building		
971	2063128.0	2864	500.0	699.0	149.0	building		
972	2063778.0	2865	240.0	1257.0	445.0	others		
973	2065747.0	2866	180.0	1089.0	94.0	building		
974	2066197.0	2867	160.0	974.0	215.0	building		
975	2067197.0	2868	200.0	369.0	277.0	surroundings		
976	2067447.0	2869	220.0	550.0	356.0	surroundings		
977	2067967.0	2870	100.0	1321.0	14.0	building		
978	2068617.0	2871	280.0	1144.0	50.0	building		
979	2069077.0	2872	360.0	1131.0	30.0	building		
980	2069436.0	2873	80.0	771.0	433.0	others		
981	2069536.0	2874	80.0	946.0	287.0	building		
982	2069676.0	2875	120.0	1107.0	244.0	building		
983	2070896.0	2876	80.0	396.0	459.0	surroundings		
984	2071006.0	2877	100.0	533.0	392.0	surroundings		
985	2071226.0	2878	300.0	669.0	364.0	surroundings		
986	2076165.0	2879	1540.0	675.0	316.0	surroundings		
987	2077855.0	2880	160.0	649.0	334.0	surroundings		
988	2078425.0	2881	960.0	660.0	275.0	surroundings		
989	2079294.0	2882	560.0	668.0	337.0	surroundings		
990	2079644.0	2883	100.0	626.0	298.0	surroundings		
991	2081134.0	2884	80.0	1486.0	113.0	building		
992	2081274.0	2885	120.0	1519.0	263.0	building		
993	2081744.0	2886	260.0	1144.0	94.0	building		
994	2082044.0	2887	140.0	482.0	262.0	building		
995	2082334.0	2888	280.0	898.0	145.0	building		
996	2084133.0	2889	800.0	715.0	239.0	surroundings		
997	2085043.0	2890	860.0	710.0	225.0	building		
998	2086443.0	2891	1680.0	684.0	258.0	surroundings		
999	2087742.0	2892	100.0	1537.0	262.0	building		
1000	2088002.0	2893	220.0	1121.0	177.0	building		
1001	2088252.0	2894	240.0	1159.0	159.0	surroundings		
1002	2088772.0	2895	120.0	1249.0	769.0	surroundings		
1003	2089192.0	2896	160.0	862.0	159.0	building		
1004	2089642.0	2897	140.0	1096.0	173.0	building		
1005	2089822.0	2898	140.0	1100.0	104.0	building		
1006	2090931.0	2899	160.0	353.0	233.0	surroundings		
1007	2091421.0	2900	140.0	1352.0	163.0	surroundings		
1008	2091581.0	2901	140.0	1221.0	53.0	surroundings		
1009	2092491.0	2902	280.0	948.0	248.0	surroundings		
1010	2092821.0	2903	100.0	534.0	237.0	building		
1011	2093441.0	2904	220.0	1039.0	615.0	cell phone	0.5505840338067862	0.28573714213437595
1012	2093671.0	2905	160.0	1047.0	784.0	cell phone	0.6397694524495677	0.4734848484848485
1013	2093971.0	2906	80.0	1055.0	947.0	cell phone	0.8140747856042334	0.7040801954414463
1014	2094231.0	2907	360.0	900.0	887.0	cell phone	0.2755944096089946	0.6985617272398272
1015	2095090.0	2908	80.0	966.0	879.0	cell phone	0.3318356713976478	0.4516654391311188
1016	2095220.0	2909	140.0	1007.0	876.0	cell phone	0.5299972914533373	0.4810196974796618
1017	2095620.0	2910	180.0	1006.0	843.0	cell phone	0.5647393976921865	0.5793417048305605
1018	2096130.0	2911	280.0	983.0	832.0	cell phone	0.6403848142914681	0.5702781916586003
1019	2096830.0	2912	240.0	976.0	875.0	cell phone	0.4951861628908699	0.6870648435259654
1020	2097500.0	2913	300.0	972.0	459.0	cell phone	0.5284360189573459	0.2920203735144312
1021	2098300.0	2914	1280.0	956.0	235.0	cell phone	0.4965503536094209	0.044037147428164385
1022	2099699.0	2915	1460.0	910.0	238.0	cell phone	0.5324053381881942	0.07474823420241254
1023	2101019.0	2916	1100.0	962.0	189.0	cell phone	0.5586970352662379	0.07022807985183442
1024	2101719.0	2917	260.0	861.0	212.0	cell phone	0.25819577937405913	0.08787477854478251
1025	2102229.0	2918	600.0	943.0	236.0	cell phone	0.4871234275640746	0.10557780936808693
1026	2102928.0	2919	600.0	950.0	370.0	cell phone	0.5876306626158171	0.4096958920573811
1027	2103358.0	2920	220.0	1025.0	366.0	cell phone	0.6579860075821817	0.3467647153257528
1028	2103958.0	2921	740.0	1006.0	312.0	cell phone	0.7376218402197432	0.2468576739921099
1029	2105528.0	2922	480.0	932.0	326.0	cell phone	0.3296068255010453	0.4660599613824707
1030	2106028.0	2923	480.0	931.0	309.0	cell phone	0.35324675324675325	0.4259818731117825
1031	2106688.0	2924	760.0	949.0	444.0	cell phone	0.41587834476070495	0.7276982652030882
1032	2107427.0	2925	700.0	931.0	346.0	cell phone	0.5054693541129159	0.5203278945876307
1033	2108297.0	2926	1000.0	932.0	447.0	cell phone	0.4942282732309165	0.6475917146132102
1034	2109197.0	2927	620.0	911.0	435.0	cell phone	0.23955838645711244	0.5967623209146142
1035	2110127.0	2928	1000.0	957.0	289.0	cell phone	0.3832161850249648	0.2923449258971255
1036	2110797.0	2929	260.0	952.0	394.0	cell phone	0.4377533930669301	0.41748422826519505
1037	2111226.0	2930	320.0	917.0	419.0	cell phone	0.34033183450363313	0.5416951345837203
1038	2111756.0	2931	700.0	900.0	365.0	cell phone	0.4945200559989981	0.3719066013403076
1039	2112646.0	2932	640.0	956.0	486.0	cell phone	0.4908475057713837	0.5223122996136079
1040	2113246.0	2933	520.0	1004.0	515.0	cell phone	0.6444444444444445	0.5841121495327103
1041	2113906.0	2934	760.0	952.0	347.0	cell phone	0.5165562913907285	0.2640625
1042	2114476.0	2935	220.0	944.0	420.0	cell phone	0.4570232947155684	0.3208087308703809
1043	2115425.0	2936	1480.0	974.0	427.0	cell phone	0.35019367550535874	0.3285941236465237
1044	2116595.0	2937	820.0	1022.0	486.0	cell phone	0.4472065276266061	0.6046632048352004
1045	2117635.0	2938	100.0	637.0	534.0	building		
1046	2117775.0	2939	140.0	597.0	298.0	building		
1047	2118445.0	2940	500.0	536.0	132.0	surroundings		
1048	2118855.0	2941	220.0	775.0	55.0	surroundings		
1049	2120044.0	2942	1560.0	942.0	369.0	cell phone	0.4020717960120847	0.17879093205068894
1050	2121154.0	2943	140.0	1133.0	518.0	cell phone	0.5322871430087124	0.4708590592874221
1051	2121454.0	2944	380.0	977.0	402.0	cell phone	0.6048279901758912	0.4762287840339231
1052	2121954.0	2945	420.0	1012.0	484.0	cell phone	0.5025252525252525	0.2949152542372881
1053	2122504.0	2946	640.0	1057.0	402.0	cell phone	0.5512670237063035	0.4841166504792727
1054	2123133.0	2947	580.0	1006.0	461.0	cell phone	0.4619289340101523	0.5927099841521395
1055	2123793.0	2948	500.0	1016.0	388.0	cell phone	0.4949676925882549	0.335207175415633
1056	2124323.0	2949	520.0	1008.0	346.0	cell phone	0.4852216748768473	0.08278145695364239
1057	2125523.0	2950	1720.0	1012.0	371.0	cell phone	0.4440894568690096	0.028419182948490232
1058	2128532.0	2951	180.0	703.0	56.0	surroundings		
1059	2128832.0	2952	300.0	767.0	75.0	building		
1060	2129492.0	2953	700.0	644.0	186.0	surroundings		
1061	2130442.0	2954	600.0	916.0	443.0	cell phone	0.4721700319826216	0.2967373751633765
1062	2131182.0	2955	720.0	981.0	384.0	cell phone	0.3841961852861036	0.4147104851330203
1063	2131701.0	2956	280.0	954.0	291.0	cell phone	0.4164705882352941	0.12861736334405144
1064	2132071.0	2957	300.0	968.0	317.0	cell phone	0.33238636363636365	0.0918032786885246
1065	2132291.0	2958	100.0	895.0	276.0	surroundings		
1066	2132561.0	2959	400.0	875.0	316.0	others		
1067	2133271.0	2960	980.0	947.0	370.0	surroundings		
1068	2134131.0	2961	540.0	989.0	289.0	cell phone	0.3870176985963002	0.3747629654765849
1069	2135620.0	2962	2399.0	956.0	357.0	cell phone	0.4649859943977591	0.4428571428571429
1070	2137230.0	2963	760.0	923.0	442.0	cell phone	0.3584905660377358	0.6046511627906976
1071	2137720.0	2964	200.0	971.0	350.0	cell phone	0.4738292011019284	0.43962848297213625
1072	2138040.0	2965	200.0	937.0	178.0	cell phone	0.3978616464352676	0.05837650060676719
1073	2138380.0	2966	460.0	1010.0	276.0	cell phone	0.7650273224043715	0.18657937806873975
1074	2138730.0	2967	180.0	848.0	237.0	cell phone	0.3252032520325203	0.0196078431372549
1075	2139419.0	2968	1160.0	906.0	259.0	cell phone	0.4438902743142145	0.07305194805194805
1076	2140410.0	2969	740.0	915.0	352.0	cell phone	0.4200477326968974	0.26357827476038337
1077	2141349.0	2970	1100.0	901.0	263.0	cell phone	0.4258064516129032	0.02134646962233169
1078	2142109.0	2971	220.0	970.0	396.0	cell phone	0.6324991683166507	0.4841767124335568
1079	2142339.0	2972	200.0	988.0	424.0	cell phone	0.8491844052292687	0.5983060281683356
1080	2142519.0	2973	120.0	968.0	302.0	cell phone	0.8971172538650983	0.3800534026149748
1081	2142739.0	2974	240.0	956.0	461.0	cell phone	0.8294623337178789	0.6268587969120056
1082	2143919.0	2975	1920.0	905.0	330.0	cell phone	0.6133887274356268	0.3852230685096156
1083	2145188.0	2976	140.0	899.0	339.0	cell phone	0.5006328428121044	0.3514410340144149
1084	2145468.0	2977	340.0	896.0	313.0	cell phone	0.4851642233878574	0.3160666334119112
1085	2145898.0	2978	240.0	1153.0	396.0	surroundings		
1086	2146438.0	2979	120.0	939.0	274.0	cell phone	0.3000326714332833	0.22443045297844366
1087	2146648.0	2980	220.0	953.0	273.0	cell phone	0.3721256278297246	0.20599717150896785
1088	2146848.0	2981	100.0	964.0	269.0	cell phone	0.4241211449712924	0.2137762794119848
1089	2147278.0	2982	460.0	1002.0	410.0	cell phone	0.7274542581151882	0.49890124562337707
1090	2147668.0	2983	220.0	888.0	401.0	cell phone	0.4741785457950621	0.5046500702042229
1091	2147948.0	2984	100.0	853.0	475.0	cell phone	0.3529716722153958	0.618902598836953
1092	2148188.0	2985	100.0	888.0	430.0	cell phone	0.2557529688743788	0.6063712074999906
1093	2148448.0	2986	280.0	1044.0	384.0	cell phone	0.7623762376237624	0.5193199381761978
1094	2149487.0	2987	220.0	1105.0	494.0	cell phone	0.9516959922451618	0.6985833739795294
1095	2149777.0	2988	200.0	880.0	485.0	cell phone	0.4771918015769955	0.6890666418653617
1096	2150007.0	2989	220.0	1035.0	401.0	cell phone	0.8276863578102756	0.5306348105474981
1097	2150537.0	2990	800.0	919.0	446.0	cell phone	0.6512605042016807	0.4983660130718954
1098	2151307.0	2991	420.0	938.0	448.0	cell phone	0.5773471662602652	0.4706491582505982
1099	2151727.0	2992	140.0	922.0	435.0	cell phone	0.7452960018952538	0.4632699427062262
1100	2152706.0	2993	100.0	945.0	499.0	cell phone	0.5820291858299298	0.6042944937634185
1101	2152926.0	2994	180.0	929.0	408.0	cell phone	0.5486491621432182	0.5317323010703217
1102	2153296.0	2995	120.0	1130.0	391.0	surroundings		
1103	2153456.0	2996	160.0	1141.0	388.0	surroundings		
1104	2153956.0	2997	80.0	933.0	349.0	cell phone	0.4379919726975121	0.12739935202832098
1105	2154126.0	2998	100.0	919.0	360.0	cell phone	0.4316580439119093	0.13609290671857194
1106	2154336.0	2999	120.0	916.0	373.0	cell phone	0.4077536431618797	0.1259731319837658
1107	2154796.0	3000	320.0	963.0	328.0	cell phone	0.4306784660766962	0.18782608695652173
1108	2155136.0	3001	160.0	987.0	316.0	cell phone	0.4511873350923482	0.16723549488054607
1109	2156006.0	3002	220.0	925.0	340.0	cell phone	0.4498415538300545	0.17659608475633545
1110	2158485.0	3003	140.0	835.0	287.0	cell phone	0.42821977784828574	0.09072511752301547
1111	2160395.0	3004	360.0	1107.0	392.0	cell phone	0.9110252009652204	0.552068175277116
1112	2160834.0	3005	80.0	979.0	356.0	cell phone	0.7564605670773888	0.5869344930019651
1113	2162054.0	3006	560.0	921.0	470.0	cell phone	0.5192120696784792	0.5110896185282744
1114	2162404.0	3007	100.0	882.0	449.0	cell phone	0.5005610869151279	0.5853225420486059
1115	2169672.0	3008	240.0	890.0	435.0	cell phone	0.4807612574417629	0.5750017434451771
1116	2170252.0	3009	200.0	1151.0	368.0	surroundings		
1117	2171062.0	3010	100.0	890.0	468.0	cell phone	0.4670279167841841	0.5357972303583446
1118	2171222.0	3011	140.0	889.0	420.0	cell phone	0.4405099941314273	0.4756290604472018
1119	2174341.0	3012	140.0	937.0	527.0	cell phone	0.7766321508143054	0.5988893390740981
1120	2174521.0	3013	100.0	1116.0	414.0	surroundings		
1121	2175691.0	3014	80.0	914.0	406.0	cell phone	0.4231866005562668	0.5237245249960761
1122	2176921.0	3015	220.0	864.0	302.0	cell phone	0.27604524652095463	0.09692484942996864
1123	2178950.0	3016	200.0	1062.0	362.0	cell phone	0.7962298181815065	0.4133087958660866
1124	2181939.0	3017	140.0	914.0	398.0	cell phone	0.2690688251717149	0.4825434729567098
1125	2185139.0	3018	260.0	909.0	360.0	cell phone	0.4916997485323071	0.39665009140759216
1126	2185418.0	3019	100.0	922.0	307.0	cell phone	0.5392647898300253	0.3266538865763113
1127	2185948.0	3020	320.0	955.0	426.0	cell phone	0.6299913972787644	0.5555648626937363
1128	2186978.0	3021	300.0	903.0	398.0	cell phone	0.5406551894685658	0.4619650136233754
1129	2187578.0	3022	360.0	902.0	383.0	cell phone	0.5392792031028439	0.5088773684029165
1130	2187848.0	3023	80.0	909.0	343.0	cell phone	0.6942347147645206	0.4244543398007562
1131	2196066.0	3024	360.0	971.0	406.0	cell phone	0.5845644231634305	0.4003918347896653
1132	2196396.0	3025	140.0	843.0	394.0	cell phone	0.2727272727272727	0.4485530546623793
1133	2198165.0	3026	320.0	990.0	362.0	cell phone	0.7198505544572315	0.3986072955710793
1134	2199385.0	3027	80.0	892.0	314.0	cell phone	0.1282798833819242	0.372168284789644
1135	2199525.0	3028	160.0	903.0	365.0	cell phone	0.298876404494382	0.3702479338842975
1136	2199925.0	3029	160.0	1007.0	402.0	cell phone	0.43700354762430577	0.4100785368345407
1137	2200155.0	3030	220.0	964.0	406.0	cell phone	0.6091954022988506	0.4230769230769231
1138	2200765.0	3031	160.0	967.0	439.0	cell phone	0.6051614789999537	0.5121839757147789
1139	2200965.0	3032	200.0	974.0	399.0	cell phone	0.6421036296992612	0.4305714191902183
1140	2201475.0	3033	140.0	984.0	392.0	cell phone	0.4996115164950743	0.4699537254493994
1141	2201754.0	3034	380.0	1033.0	372.0	cell phone	0.6210268948655256	0.4634920634920635
1142	2202034.0	3035	100.0	989.0	387.0	cell phone	0.4929213405275896	0.4581505448159582
1143	2202234.0	3036	260.0	874.0	361.0	cell phone	0.22109811391938636	0.43244847042888507
1144	2202584.0	3037	160.0	1028.0	388.0	cell phone	0.7361809045226131	0.4559748427672956
1145	2203144.0	3038	640.0	953.0	397.0	cell phone	0.5386831226977326	0.4617825972775194
1146	2205064.0	3039	1080.0	985.0	417.0	cell phone	0.5325443786982249	0.43031358885017423
1147	2207413.0	3040	480.0	945.0	473.0	cell phone	0.6505888198553529	0.4620455912106134
1148	2208023.0	3041	720.0	987.0	390.0	cell phone	0.4335260115606937	0.5
1149	2209523.0	3042	720.0	937.0	377.0	cell phone	0.5350583712430739	0.5528308506498212
1150	2209973.0	3043	100.0	958.0	497.0	cell phone	0.5667664296941359	0.3760281774627817
1151	2210132.0	3044	180.0	938.0	500.0	cell phone	0.3911496640435497	0.3580374364884802
1152	2210302.0	3045	120.0	970.0	437.0	cell phone	0.6289611597123801	0.27597495743092915
1153	2210482.0	3046	200.0	929.0	485.0	cell phone	0.5153036828350316	0.3104927239402112
1154	2211072.0	3047	100.0	981.0	693.0	cell phone	0.8136970889918398	0.7965340892821247
1155	2211222.0	3048	160.0	974.0	461.0	others		
1156	2211462.0	3049	80.0	1069.0	403.0	surroundings		
1157	2211832.0	3050	620.0	992.0	406.0	cell phone	0.3714558417364052	0.1946957358508633
1158	2212482.0	3051	640.0	954.0	341.0	cell phone	0.6696090804969711	0.464713133349607
1159	2213002.0	3052	160.0	908.0	377.0	cell phone	0.6404540162738719	0.3826425672706245
1160	2215241.0	3053	120.0	1056.0	356.0	cell phone	0.6715412290822012	0.5369049053125025
1161	2215361.0	3054	80.0	1095.0	384.0	cell phone	0.8335347508598353	0.5322875375961736
1162	2215551.0	3055	260.0	1159.0	357.0	cell phone	0.8489651258870511	0.5763150517456783
1163	2216361.0	3056	80.0	935.0	368.0	cell phone	0.630215021338843	0.5123681105159664
1164	2216461.0	3057	80.0	943.0	360.0	cell phone	0.6294883705696029	0.505035457927672
1165	2216561.0	3058	80.0	1056.0	393.0	cell phone	0.8628283323965883	0.5459431203735601
1166	2217051.0	3059	620.0	967.0	463.0	cell phone	0.6526853566089555	0.4696610237523883
1167	2217471.0	3060	100.0	1037.0	457.0	cell phone	0.7211460634993001	0.3956472964949581
1168	2232757.0	3061	280.0	880.0	363.0	building		
1169	2232967.0	3062	100.0	828.0	376.0	building		
1170	2233097.0	3063	120.0	814.0	344.0	building		
1171	2235426.0	3064	100.0	920.0	81.0	others		
1172	2235676.0	3065	200.0	781.0	102.0	building		
1173	2235956.0	3066	240.0	485.0	96.0	building		
1174	2237576.0	3067	140.0	802.0	71.0	building		
1175	2255651.5	3068	80.0	1092.0	414.0	surroundings		
1176	2255751.0	3069	80.0	1061.0	459.0	surroundings		
1177	2258501.0	3070	180.0	1114.0	522.0	building		
1178	2264149.0	3071	920.0	1068.0	335.0	cell phone	0.9332525322731128	0.4640134349523357
1179	2264769.0	3072	280.0	978.0	462.0	cell phone	0.5851648351648352	0.3916967509025271
1180	2264989.0	3073	120.0	934.0	402.0	cell phone	0.3787384481807608	0.20396958160220666
1181	2265109.0	3074	80.0	958.0	329.0	cell phone	0.3898237295111925	0.16245667791726678
1182	2265909.0	3075	1480.0	1019.0	377.0	cell phone	0.5121212121212121	0.553875236294896
1183	2267679.0	3076	80.0	1291.0	531.0	cell phone	0.3365585096623529	0.6384260526634844
1184	2268278.0	3077	1080.0	954.0	391.0	cell phone	0.6191860465116279	0.4963369963369964
1185	2268888.0	3078	120.0	940.0	283.0	cell phone	0.3455973065100611	0.3086408107559156
1186	2269278.0	3079	620.0	922.0	258.0	surroundings		
1187	2270148.0	3080	1080.0	960.0	322.0	cell phone	0.4426900784588285	0.32629734249344244
1188	2271458.0	3081	260.0	668.0	96.0	building		
1189	2271728.0	3082	240.0	857.0	41.0	building		
1190	2273717.0	3083	1500.0	1024.0	319.0	cell phone	0.4021001285257589	0.39653142380567735
1191	2274867.0	3084	120.0	737.0	27.0	building		
1192	2275047.0	3085	200.0	885.0	22.0	building		
1193	2275657.0	3086	340.0	979.0	357.0	cell phone	0.8077764955529382	0.4347891295337081
1194	2276706.0	3087	1720.0	879.0	338.0	cell phone	0.3794106903476694	0.5280034463185937
1195	2278356.0	3088	1420.0	918.0	343.0	cell phone	0.6580533311082194	0.3835850404996755
1196	2279266.0	3089	360.0	766.0	373.0	cell phone	0.1873255196062586	0.3464771243785817
1197	2279766.0	3090	80.0	1437.0	20.0	surroundings		
1198	2280106.0	3091	80.0	867.0	57.0	surroundings		
1199	2281035.0	3092	300.0	963.0	286.0	cell phone	0.3957703927492447	0.441747572815534
1200	2281285.0	3093	160.0	997.0	115.0	cell phone	0.5494533131853977	0.1734428402497094
1201	2281465.0	3094	160.0	884.0	47.0	cell phone	0.34008840194238044	0.04904057370288566
1202	2282135.0	3095	1100.0	938.0	243.0	cell phone	0.5310219716369209	0.4532701789387501
1203	2283145.0	3096	640.0	966.0	239.0	cell phone	0.3040558841234467	0.3870764470560101
1204	2284804.0	3097	2599.0	950.0	54.0	cell phone	0.40533091100891905	0.08877114142588077
1205	2286754.0	3098	140.0	880.0	150.0	building		
1206	2287354.0	3099	340.0	986.0	310.0	cell phone	0.3953713862123879	0.14520118900298395
1207	2287765.5	3100	340.0	860.0	201.0	cell phone	0.4172976121141526	0.16871591959581753
1208	2288214.0	3101	420.0	903.0	324.0	cell phone	0.4885013554494434	0.5671637806808082
1209	2288574.0	3102	100.0	905.0	297.0	cell phone	0.3998856512095936	0.540605675246906
1210	2288774.0	3103	120.0	929.0	298.0	cell phone	0.4357830929547002	0.5471518395992058
1211	2289213.0	3104	180.0	893.0	45.0	cell phone	0.3118443591749624	0.07723395593875712
1212	2289383.0	3105	120.0	912.0	71.0	cell phone	0.3621336184753865	0.11476514825709774
1213	2290043.0	3106	1000.0	885.0	349.0	cell phone	0.3865801016594376	0.5461999497109981
1214	2291543.0	3107	1720.0	985.0	369.0	cell phone	0.3384615384615385	0.5553691275167785
1215	2292703.0	3108	320.0	894.0	385.0	cell phone	0.5938775510204082	0.5144694533762058
1216	2293012.0	3109	220.0	983.0	249.0	cell phone	0.8045051550504435	0.2150081995439789
1217	2293772.0	3110	1220.0	779.0	432.0	cell phone	0.6429298204316123	0.5323527813340266
1218	2294502.0	3111	200.0	694.0	370.0	cell phone	0.1682372447175842	0.44564981468935705
1219	2294872.0	3112	300.0	841.0	438.0	cell phone	0.4380530402439664	0.5713059764429279
1220	2295962.0	3113	1640.0	940.0	418.0	cell phone	0.4107392237448849	0.4806712717993352
1221	2297731.0	3114	160.0	916.0	457.0	cell phone	0.7246756256233345	0.4735417424052338
1222	2298181.0	3115	720.0	942.0	452.0	cell phone	0.4172243477216968	0.5623232089268699
1223	2299221.0	3116	1180.0	931.0	437.0	cell phone	0.369969723075128	0.5338347057416486
1224	2301921.0	3117	120.0	1139.0	93.0	building		
1225	2302180.0	3118	80.0	1224.0	63.0	building		
1226	2302990.0	3119	740.0	905.0	408.0	cell phone	0.4198550010466495	0.6050561772097072
1227	2303870.0	3120	100.0	1080.0	16.0	building		
1228	2303990.0	3121	100.0	1066.0	5.0	building		
1229	2307309.0	3122	660.0	891.0	386.0	cell phone	0.3236946562736441	0.607805390442801
1230	2307809.0	3123	240.0	837.0	172.0	cell phone	0.2561640455845983	0.15178704601536366
1231	2308729.0	3124	1520.0	934.0	428.0	cell phone	0.5001949081453179	0.39581406885998416
1232	2310098.0	3125	80.0	603.0	48.0	surroundings		
1233	2310238.0	3126	160.0	687.0	44.0	surroundings		
1234	2310498.0	3127	80.0	982.0	195.0	surroundings		
1235	2310598.0	3128	80.0	835.0	187.0	surroundings		
1236	2312018.0	3129	1520.0	967.0	381.0	cell phone	0.3176714161141992	0.44379242686933895
1237	2313308.0	3130	1020.0	1007.0	361.0	cell phone	0.7218152295011382	0.2274568267260483
1238	2314237.0	3131	760.0	912.0	381.0	surroundings		
1239	2315137.0	3132	160.0	1072.0	212.0	surroundings		
1240	2315427.0	3133	100.0	812.0	16.0	surroundings		
1241	2317637.0	3134	160.0	851.0	310.0	surroundings		
1242	2317858.5	3135	260.0	935.0	326.0	surroundings		
1243	2319016.0	3136	240.0	985.0	314.0	surroundings		
1244	2319616.0	3137	640.0	1014.0	335.0	cell phone	0.3318941093218608	0.2625266521426597
1245	2320066.0	3138	220.0	952.0	285.0	cell phone	0.2847682119205298	0.035058430717863104
1246	2320856.0	3139	1320.0	993.0	380.0	cell phone	0.7690323654869419	0.4780094103617917
1247	2322065.0	3140	740.0	928.0	387.0	cell phone	0.6513388749911111	0.4153324748988611
1248	2322745.0	3141	540.0	890.0	284.0	cell phone	0.3195154026419504	0.0984655662107712
1249	2323235.0	3142	240.0	909.0	133.0	surroundings		
1250	2323825.0	3143	220.0	933.0	324.0	surroundings		
1251	2324175.0	3144	200.0	990.0	206.0	surroundings		
1252	2324385.0	3145	100.0	1099.0	188.0	surroundings		
1253	2324805.0	3146	220.0	979.0	80.0	surroundings		
1254	2325135.0	3147	160.0	942.0	113.0	surroundings		
1255	2325385.0	3148	220.0	836.0	87.0	surroundings		
1256	2325605.0	3149	140.0	815.0	238.0	surroundings		
1257	2328034.0	3150	80.0	597.0	54.0	building		
1258	2331173.0	3151	160.0	1041.0	443.0	cell phone	0.5213044809441526	0.37268521376008745
